retweet_origin_user_id,bias,retweet_origin_username,screen_name
25073877,Right,Donald J. Trump,realDonaldTrump
939091,Left,Joe Biden,JoeBiden
216776631,Left,Bernie Sanders,BernieSanders
30354991,Left,Kamala Harris,KamalaHarris
1205226529455632385,Left,The Lincoln Project,ProjectLincoln
1073047860260814848,Left,NoelCaslerComedyğŸŒ™,caslernoel
1640929196,Left,BrooklynDad_Defiant!â˜®ï¸,mmpadellan
729676086632656900,Right,Team Trump (Text TRUMP to 88022),TeamTrump
2228878592,Center,Andrew YangğŸ§¢â¬†ï¸ğŸ‡ºğŸ‡¸,AndrewYang
226222147,Left,Pete Buttigieg,PeteButtigieg
236487888,Right,Joe Walsh,WalshFreedom
357606935,Left,Elizabeth Warren,ewarren
14247236,Left,Scott Dworkin,funder
255812611,Left,Don Winslow,donwinslow
292929271,Right,Charlie Kirk,charliekirk11
32871086,Left,Kyle Griffin,kylegriffin1
803694179079458816,Center,Vice President Kamala Harris,VP
822215673812119553,Right,The White House 45 Archived,WhiteHouse45
592730371,Right,Jack Poso ğŸ‡ºğŸ‡¸,JackPosobiec
47293791,Right,Terrence K. Williams,w_terrence
1009577803304656896,Left,Jeff Tiedrich,itsJeffTiedrich
1243560408025198593,Left,MeidasTouch,MeidasTouch
1212806053907185664,Right,LeoTerrell,TheLeoTerrell
1043185714437992449,Right,Catturd â„¢,catturd2
2353605901,Right,Ronna McDaniel,RonnaMcDaniel
931286316,Right,#ThePersistence,ScottPresler
1108472017144201216,Right,Trump War Room,TrumpWarRoom
33537967,Left,Amy Klobuchar,amyklobuchar
39344374,Right,Donald Trump Jr.,DonaldJTrumpJr
1058520120,Left,Tammy Duckworth,SenDuckworth
65497475,Left,"Eugene Gu, MD",eugenegu
148529707,Left,Robert Reich,RBReich
27493883,Left,Jon Cooper,joncoopertweets
166751745,Right,Ryan Fournier,RyanAFournier
259001548,Right,Kayleigh McEnany,kayleighmcenany
770781940341288960,Right,Rudy W. Giuliani,RudyGiuliani
187680645,Right,Lin Wood,LLinWood
11134252,Right,GOP,GOP
18266688,Right,Tom Fitton,TomFitton
15976705,Left,Amy Siskind ğŸ³ï¸â€ğŸŒˆ,Amy_Siskind
91882544,Right,Dinesh D'Souza,DineshDSouza
471677441,Right,George Conway,gtconway3d
288277167,Left,Aaron Rupar,atrupar
101816065,Left,Joe Lockhart,joelockhart
1349149096909668363,Right,President Biden,POTUS
22203756,Right,Mike Pence,Mike_Pence
722528529716383744,Right,Brigitte Gabriel,ACTBrigitte
818948638890217473,Right,Rep. Matt Gaetz,RepMattGaetz
738080573365702657,Left,Rob Reiner,robreiner
818927131883356161,Right,Kayleigh McEnany 45 Archived,PressSec45
21522338,Left,Marianne Williamson,marwilliamson
778763106289758208,Right,Jenna Ellis,JennaEllisEsq
4765364386,Right,Chuck Callesto,ChuckCallesto
1866938882,Left,Andrea Junker,Strandjunker
878247600096509952,Right,Candace Owens,RealCandaceO
455684839,Left,Brian Tyler Cohen,briantylercohen
601535938,Right,Matt Couch,RealMattCouch
81741855,Left,Steven Beschloss,StevenBeschloss
798973032362606600,Left,Former Congresswoman Val Demings,RepValDemings
22677397,Right,Juanita Broaddrick,atensnut
18166778,Right,Rep. Jim Jordan,Jim_Jordan
739610364975808513,Right,Paul Sperry,paulsperry_
341190477,Left,Ricky Davila,TheRickyDavila
27995424,Right,John Cardillo,johncardillo
26637348,Center,Tulsi Gabbard ğŸŒº,TulsiGabbard
225265639,Center,Daniel Dale,ddale8
970207298,Left,Elizabeth Warren,SenWarren
164679813,Left,Ken Olin,kenolin1
16972715,Center,MURRAY,murray_nyc
216065430,Left,Stacey Abrams,staceyabrams
1201670995435646976,Right,Lauren Boebert,laurenboebert
967027984426242053,Left,Fred Guttenberg,fred_guttenberg
180107694,Center,Kaitlan Collins,kaitlancollins
22771961,Left,Jim Acosta,Acosta
237845487,Left,George Takei,GeorgeTakei
942156122,Left,Rep. Eric Swalwell,RepSwalwell
1339835893,Left,Hillary Clinton,HillaryClinton
767788995962998784,Left,Really American ğŸ‡ºğŸ‡¸,ReallyAmerican1
15952856,Left,Ari Berman,AriBerman
1209417007,Right,Steve Scalise,SteveScalise
26487169,Right,Lou Dobbs,LouDobbs
18382184,Left,Adam Parkhomenko,AdamParkhomenko
24578794,Center,Anthony Scaramucci,Scaramucci
39349894,Right,Eric Trump,EricTrump
48325671,Left,Chip Franklin.com,chipfranklin
620571475,Right,Dan Scavino Jr.ğŸ‡ºğŸ‡¸ğŸ¦…,DanScavino
36711022,Left,Dan Rather,DanRather
1113828112503115776,Center,A Worried Citizen,ThePubliusUSA
21001599,Left,Brian J. Karem,BrianKarem
16523905,Right,Robby Starbuck,robbystarbuck
813286,Left,Barack Obama,BarackObama
16989178,Right,James O'Keefe,JamesOKeefeIII
983766825610694656,Right,Andrew Pollack,AndrewPollackFL
3530404094,Right,David J Harris Jr,DavidJHarrisJr
3995778614,Left,Kambree,KamVTV
786309892990574592,Left,Steve Schmidt,SteveSchmidtSES
1003107003693137921,Left,Glenn Kirschner,glennkirschner2
2800581040,Right,Bill Kristol,BillKristol
874916178,Left,Michael Beschloss,BeschlossDC
755057897583804416,Left,Power to the People â˜­ğŸ•Š,ProudSocialist
2421067430,Left,Tea Pain,TeaPainUSA
736989573201301504,Center,Cari Kelemen,KelemenCari
19568591,Left,Ana Navarro-CÃ¡rdenas,ananavarro
78523300,Right,James Woods,RealJamesWoods
826065164504006657,Right,Marjorie Taylor Greene ğŸ‡ºğŸ‡¸,mtgreenee
33608041,Right,Kevin Sorbo,ksorbs
244655353,Left,David Axelrod,davidaxelrod
15212187,Right,Benny Johnson,bennyjohnson
89887215,Left,Yamiche Alcindor,Yamiche
52338305,Right,Brandon Straka,BrandonStraka
38495835,Right,Mark R. Levin,marklevinshow
123281100,Left,Andy Ostroy,AndyOstroy
91583544,Right,Nick Adams (Alpha Male),NickAdamsinUSA
14529929,Center,Jake Tapper,jaketapper
2475407894,Left,Hugo Lowell,hugolowell
3932768472,Right,Emerald Robinson âœï¸,EmeraldRobinson
15808765,Left,Cory Booker,CoryBooker
2233154425,Left,Stephen King,StephenKing
4091551984,Left,Laurence Tribe ğŸ‡ºğŸ‡¦ âš–ï¸,tribelaw
16581604,Center,Mike Bloomberg,MikeBloomberg
1812055789,Right,Ron,CodeMonkeyZ
43014978,Left,D Villella â„ï¸,dvillella
15220768,Left,David Corn,DavidCornDC
324703658,Left,Rex ChapmanğŸ‡ğŸ¼,RexChapman
49698134,Left,Mkay,JoyAnnReid
19084896,Right,Rick Wilson,TheRickWilson
1651522832,Left,"Dena Grayson, MD, PhD",DrDenaGrayson
17494010,Left,Chuck Schumer,SenSchumer
29501253,Left,Adam Schiff,RepAdamSchiff
20640982,Left,Chris D. Jackson,ChrisDJackson
1080188052365029376,Center,Alex Cole,acnewsitics
432895323,Right,Lindsey Graham,LindseyGrahamSC
17685258,Right,Brad Parscale,parscale
4878610324,Left,PoliticsVideoChannel,politvidchannel
988573326376427520,Right,Secretary Pompeo,SecPompeo
22129280,Left,Jim Sciutto,jimsciutto
18320938,Left,(((DeanObeidallah))),DeanObeidallah
34367582,Right,Tim Young,TimRunsHisMouth
44385628,Right,Greg Kelly,gregkellyusa
2853461537,Right,Scott Adams,ScottAdamsSays
850507814023942144,Right,George Papadopoulos,GeorgePapa19
4207961,Left,Chris Hayes,chrislhayes
817158775610179584,Center,Chicago1Ray ğŸ‡ºğŸ‡¸,Chicago1Ray
16160352,Left,Claire McCaskill,clairecmc
493714995,Left,John Pavlovitz,johnpavlovitz
49034507,Right,Real DefenderğŸ‡ºğŸ‡¸,real_defender
1075121162743676928,Center,Hamish Mitchell,H_MitchellPhoto
827934520112472065,Left,Richard Saunders,BoycottUtah
960285302899298304,Right,Evan Kilgore ğŸ‡ºğŸ‡¸,EvanAKilgore
848148994102611969,Center,Angry Staffer ğŸŒ»,Angry_Staffer
2836454576,Left,Paul the other one...,paulcshipley
39155029,Center,Manu Raju,mkraju
150078976,Left,Chris Murphy ğŸŸ§,ChrisMurphyCT
875856268056969216,Right,DC_Draino,DC_Draino
1685873604,Left,Angela Belcamino,AngelaBelcamino
14642495,Left,Sarah Cooper,sarahcpr
1074480192,Right,Senator Ted Cruz,SenTedCruz
1221462414744596483,Left,Republicans against Trump,RpsAgainstTrump
215207998,Left,Kurt Eichenwald,kurteichenwald
52544275,Right,Ivanka Trump,IvankaTrump
429227921,Left,Cenk Uygur,cenkuygur
816652616625168388,Right,Rep Andy Biggs,RepAndyBiggsAZ
246500501,Center,Geraldo Rivera,GeraldoRivera
1106771843929788419,Left,Hoodlum ğŸ‡ºğŸ‡¸,NotHoodlum
218975278,Left,Jennifer Truth Over Phony Balance Rubin ğŸ‡ºğŸ‡¦ğŸ‡®ğŸ‡±,JRubinBlogger
548384458,Left,Joyce Alene,JoyceWhiteVance
19502995,Left,Geoff Bennett,GeoffRBennett
963480595,Right,Mark Meadows,MarkMeadows
19682187,Left,JuliÃ¡n Castro,JulianCastro
26642006,Left,Alyssa Milano,Alyssa_Milano
25837289,Right,Bernard B. Kerik,BernardKerik
246103,Left,Dr. Jeffrey Guterman,JeffreyGuterman
586707638,Right,Sidney Powell ğŸ‡ºğŸ‡¸ ğŸ—½âš–ï¸ğŸšœğŸ‡ºğŸ‡¸ Attorney & Author,SidneyPowell1
454099919,Left,Michael McFaul,McFaul
377609596,Left,Eric Swalwell,ericswalwell
358545917,Right,Cernovich,Cernovich
1323730225067339784,Center,The White House,WhiteHouse
16740433,Right,DeAnna Lorraine ğŸ‡ºğŸ‡¸,DeAnna4Congress
50769180,Right,Laura Ingraham,IngrahamAngle
784575415457308672,Left,The Hoarse Whisperer,TheRealHoarse
121574367,Right,Lisa Boothe ğŸ‡ºğŸ‡¸,LisaMarieBoothe
1610496259,Center,Maihen,MaihenH
435232010,Left,Daniel Goldman,danielsgoldman
1157388784301793280,Right,Carlos Osweda,COsweda
713839291210792960,Left,Democratic Coalition,TheDemCoalition
715617989656051712,Right,The Trump Crisis ğŸ¯,RWTrollPatrol
17919972,Left,Taylor Swift,taylorswift13
373157754,Center,Anonymous,YourAnonCentral
40353407,Left,Elie Mystal,ElieNYC
14542977,Left,Tom Joseph,TomJChicago
23554832,Left,Brown Eyed Susan,smc429
341194704,Right,Steve Guest,SteveGuest
3981225735,Right,Students For Trump,TrumpStudents
1029094268542099457,Right,Lance Gooden,Lancegooden
2908170952,Right,Diamond and SilkÂ®,DiamondandSilk
467726691,Left,Cheri Jacobus,CheriJacobus
270132611,Left,Lindy Li,lindyli
402888514,Left,David Rothkopf,djrothkopf
89820928,Left,Andrea Mitchell,mitchellreports
342863309,Left,Beto O'Rourke,BetoORourke
63514682,Left,David Leavitt ğŸ²ğŸ®ğŸ§™â€â™‚ï¸ğŸŒˆ ğŸ”œ Pax East,David_Leavitt
18208368,Left,Kurt Bardella,kurtbardella
1060487274,Right,Doug Collins,RepDougCollins
1265761679947771905,Left,Republican Voters Against Trump,AccountableGOP
2249531,Left,Andrew Feinberg,AndrewFeinberg
798953701972938752,Left,Nick Knudsen ğŸ‡ºğŸ‡¸,NickKnudsenUS
534881613,Right,Anna Khait,Annakhait
879147821915615233,Left,Duty To Warn ğŸ”‰,duty2warn
18839785,Right,Narendra Modi,narendramodi
16873455,Left,Bishop Talbert Swan,TalbertSwan
15416505,Right,Gov. Mike Huckabee,GovMikeHuckabee
832978972602429440,Right,Graham Allen,GrahamAllen_1
818876014390603776,Right,Melania Trump 45 Archived,FLOTUS45
22187085,Left,Citizens for Ethics,CREWcrew
235839823,Right,Herschel Walker,HerschelWalker
16106584,Right,Ian Miles Cheong,stillgray
563712850,Right,Victoria Toensing,VicToensing
10292132,Right,Joel Pollak,joelpollak
910492003359760384,Left,John O. Brennan,JohnBrennan
139823781,Left,bettemidler,BetteMidler
74820061,Center,Dave Wasserman,Redistrict
818893114979061761,Left,Jo,JoJoFromJerz
3141672447,Left,People for Bernie,People4Bernie
492833134,Right,Michael NÃ¶them,mikandynothem
3267456386,Right,The Columbia Bugle ğŸ‡ºğŸ‡¸,ColumbiaBugle
278145569,Right,Sen. Marsha Blackburn,MarshaBlackburn
5509762,Right,Sarah Huckabee Sanders,SarahHuckabee
366498596,Left,Andy Behrman,electroboyusa
468646961,Right,Tomi Lahren,TomiLahren
1011970623470489601,Left,Daniel Uhlfelder,DWUhlfelderLaw
138203134,Left,Alexandria Ocasio-Cortez,AOC
216881337,Right,Rand Paul,RandPaul
1045110787,Left,Mary L Trump,MaryLTrump
2865907814,Left,Jason Overstreet,JasonOverstreet
16513335,Left,VoteVets,votevets
846801440706351104,Left,"Dr. Rob Davidson MD, MPH",DrRobDavidson
784890784273215488,Left,Billy Baldwin,BillyBaldwin
22879254,Center,Andrew Weinstein,Weinsteinlaw
28745526,Left,Ben Meiselas,meiselasb
25202268,Right,Sara A. Carter,SaraCarterDC
10615232,Right,Chuck Grassley,ChuckGrassley
34756550,Right,CHIZ ğŸ‡ºğŸ‡¸,CHIZMAGA
18005085,Right,Mollie,MZHemingway
27943005,Center,Lesley Abravanel ğŸª©,lesleyabravanel
4165642155,Right,ğŸ¦… Eagle Wings ğŸ¦…,CRRJA5
1114631166,Right,DrConservaMomğŸ‡ºğŸ‡¸,ConservaMomUSA
102071743,Left,Governor Gretchen Whitmer,GovWhitmer
15764644,Left,Nancy Pelosi,SpeakerPelosi
1626294277,Center,The Spectator Index,spectatorindex
17995040,Right,Ben Shapiro,benshapiro
15446551,Left,Christine Pelosi,sfpelosi
31565351,Left,Ana Cabrera,AnaCabrera
459872442,Left,Tom Nichols,RadioFreeTom
130496027,Left,Jon Favreau,jonfavs
951302891708583936,Center,Machiavelli,TheRISEofROD
15907183,Left,Charlotte Clymer ğŸ‡ºğŸ‡¦,cmclymer
18831926,Left,Eric Feigl-Ding,DrEricDing
15464697,Left,Judd Legum,JuddLegum
83932539,Right,Praying Medic,prayingmedic
744070482832596992,Right,Josh Caplan,joshdcaplan
1612067526,Left,Bryan Behar,bryanbehar
16378486,Left,Ali Velshi,AliVelshi
18584875,Right,Hodgetwins,hodgetwins
1138886434478182401,Left,Kim Mangone,KimMangone
158426909,Left,Lawrence O'Donnell,Lawrence
44945327,Right,Franklin Graham,Franklin_Graham
20713061,Right,Newt Gingrich,newtgingrich
264501955,Right,Mike Coudrey,MichaelCoudrey
2471692340,Right,Dr.Darrell Scott,PastorDScott
739844197935644672,Left,Andrewâ€”Author of America Rises On Substackâ€”Wortman,AmoneyResists
36528126,Right,Kirstie Alley,kirstiealley
2974742145,Center,Miles Taylor,MilesTaylorUSA
18686907,Center,David Frum,davidfrum
521747968,Left,Jon Ossoff,ossoff
16912124,Left,Eric Garland,ericgarland
934049237628841984,Right,The Dirty Truth (Josh),AKA_RealDirty
777070140,Right,The Gen Z Perspective Newsletter,uncvrngthetruth
783792992,Left,Ilhan Omar,IlhanMN
20975060,Right,John Roberts,johnrobertsFox
61734492,Center,David Fahrenthold,Fahrenthold
1259714432,Right,Kimberly Klacik,kimKBaltimore
382685028,Left,Stephanie Ruhle,SRuhle
259395895,Left,John Harwood,JohnJHarwood
274891222,Center,BRIAN FRASER,bfraser747
820354372827758592,Left,Ben Rhodes,brhodes
18018355,Left,AprilDRyan,AprilDRyan
1092037021432897537,Right,Errol Webber,ErrolWebber
879548970082721792,Right,Rising serpent ğŸ‡ºğŸ‡¸,rising_serpent
755835576,Left,Holly Figueroa O'Reilly ğŸŒ¸,AynRandPaulRyan
4900058284,Left,Fernand R. Amandi,AmandiOnAir
580312540,Left,Amee Vanderpool,girlsreallyrule
9624742,Center,Department of State,StateDept
800570658929262592,Left,Florida Chris,chrislongview
2730264319,Center,Eric Matheny ğŸ™ï¸,ericmmatheny
3003886063,Right,Skyleigh Heinen-Uhrich,Sky_Lee_1
168541923,Right,ACT For America,ACTforAmerica
22663306,Center,ğ•ğ•–ğ•ğ•šğ•¤ğ•¤ğ•’ ğŸ™ˆğŸ™‰ğŸ™Š,my3monkees
2461810448,Left,Nancy Pelosi,TeamPelosi
780206406024691712,Left,Neal Katyal,neal_katyal
21829541,Right,NRA,NRA
138168339,Left,Victoria Brownworth,VABVOX
30540789,Left,ğŸ‡ºğŸ‡¸ ğŸŠ Antoine Tucker,montaga
1084375028,Right,Jason Miller,JasonMillerinDC
229141520,Right,Steve Cortes,CortesSteve
19422491,Left,Grant Stern î¨€,grantstern
39279821,Left,Brian Klaas,brianklaas
18089606,Right,Kurt Schlichter,KurtSchlichter
212445456,Center,DrJackBrown ğŸŒŠ,DrGJackBrown
2966770391,Left,"Pam Keith, Esq.",PamKeithFL
892219807,Left,Bradley Whitford,BradleyWhitford
1261816778256265222,Right,TONYâ„¢,TONYxTWO
2996253413,Right,Randy Quaid,RandyRRQuaid
17477864,Center,"Tomi T Ahonen Moved to Post, Spoutible & Mastodon",tomiahonen
298109087,Left,Johnny Verhovek,JTHVerhovek
878087280321335298,Right,Kaitlin Bennett,KaitMarieox
779742611628175360,Center,Holly Lee,LeeHolly81
305818748,Left,Keisha Lance Bottoms,KeishaBottoms
21733692,Left,Wajahat Ali,WajahatAli
751283435382067202,Left,Olga Lautman ğŸ‡ºğŸ‡¦,OlgaNYC1211
834081571493785600,Left,Preet Bharara,PreetBharara
1275285589818998786,Left,Jake Lobin,JakeLobin
130557513,Left,Mehdi Hasan,mehdirhasan
462104542,Right,Chuck Woolery,chuckwoolery
29442313,Left,Bernie Sanders,SenSanders
71294756,Center,Wolf Blitzer,wolfblitzer
195271137,Right,Larry Elder,larryelder
757832485,Right,Liz Harrington,realLizUSA
334715818,Right,Buck Sexton,BuckSexton
958555581198954497,Center,Bill Maxwell,Bill_Maxwell_
25816369,Right,Dr. David Samadi,drdavidsamadi
240454812,Right,General Mike Flynn,GenFlynn
18533219,Left,Karine Jean-Pierre,K_JeanPierre
264361128,Right,Liz Wheeler,Liz_Wheeler
823367015830323201,Right,Dan Scavino Jr. Archived,Scavino45
860654500431880192,Left,Thomas Kaine,thomaskaine5
260759782,Left,Doug Emhoff,DouglasEmhoff
2438831503,Right,Chanel Rion OAN,ChanelRion
21728303,Left,Keith Boykin,keithboykin
594175899,Left,Mikel Jollett,Mikel_Jollett
4710708974,Right,Christian Lamar,christianllamar
33235771,Left,Mia Farrow ğŸ³ï¸â€ğŸŒˆ ğŸŒ»ğŸ‡ºğŸ‡¦,MiaFarrow
248429222,Left,Elie Honig,eliehonig
130617778,Left,Keith OlbermannâŒšï¸,KeithOlbermann
447200783,Center,G-áµ€á´´á´±Oá´¿á´µá´³á´µá´ºá´¬á´¸,G_TheOriginal
18822612,Right,Amy Kremer,AmyKremer
940430173517811714,Right,intheMatrixxx,intheMatrixxx
1072342620024815622,Center,LATAM FOR TRUMPğŸ‡ºğŸ‡¸,LATAMforTRUMP
16721452,Left,RiotWomenn,riotwomennn
113364160,Left,Jordan,JordanChariton
2223157392,Left,Norman Ornstein,NormOrnstein
1349154719386775552,Center,Jill Biden,FLOTUS
14344823,Right,Senate Republicans,SenateGOP
1148212967332204544,Left,Biden War Room (Text JOIN to 30330),BidenWarRoom
1201953403099893760,Right,Ronny Jackson,RonnyJacksonTX
33913156,Left,chris evans,notcapnamerica
14377605,Left,The Democrats,TheDemocrats
886398296146706432,Left,Fifty Shades of Whey,davenewworld_2
1094713876132872192,Left,Mystery Solvent,MysterySolvent
15433452,Center,Jennifer Jacobs,JenniferJJacobs
240760644,Right,"Rep. Paul Gosar, DDS",RepGosar
1141039176,Left,Sarah Mucha,sarahmucha
2863996955,Left,Richard W. Painter,RWPUSA
38284349,Right,Wayne Root - Wayne Allyn Root - TV & Radio Host,RealWayneRoot
949934436,Left,Tom Steyer,TomSteyer
160244947,Left,"Andrew C Laufer, Esq",lauferlaw
519897737,Right,Abigail Jackson ğŸ‡ºğŸ‡¸,abigailmarone
779476491092434944,Center,ğŸ‡ºğŸ‡¸ Pismo ğŸ‡ºğŸ‡¸,Pismo_B
1109045045649424386,Center,Richard Signorelli ğŸŒ±ğŸ‡ºğŸ‡¦ ğŸŒŠ ğŸ‡ºğŸ‡¸ ğŸ‡¨ğŸ‡¦,richsignorelli
72627916,Center,Carla Angola TV,carlaangola
4312282894,Right,ğŸ‘‘ MÎ±Ï‡Î¹Ğ¼Ï…s KnÎ¹gĞ½Ñ‚â™,Maximus_4EVR
793902637733146624,Center,Edan Clay ğŸ‡ºğŸ‡¸,EdanClay
3930472251,Center,Outspokenâ„¢ï¸,Out5p0ken
21950364,Left,I Love You Maine.,StayWonked
36760987,Right,Ramnier,Ramnier
821784477076750338,Left,Dr. Jill Biden,DrBiden
1108556325640757250,Left,United for The People,people4kam
17027632,Left,Sandi Bachom ğŸ“¹,sandibachom
164060400,Left,KID VICIOUSğŸ”ª,kirkacevedo
1083551928821448710,Right,John D,RedWingGrips
350822109,Right,E,ElijahSchaffer
4327127414,Left,Santiago Mayer,santiagomayer_
49698174,Right,Tom Elliott,tomselliott
1051396218,Center,Evan McMullin ğŸ‡ºğŸ‡¸,EvanMcMullin
45009355,Center,Governor Christine Todd Whitman,GovCTW
77413975,Left,Windsor Mann,WindsorMann
2501984838,Center,Molly Nagle,MollyNagle3
58579942,Right,Matt Gaetz,mattgaetz
74508260,Left,"Bill Pascrell, Jr. ğŸ‡ºğŸ‡¸ğŸ‡ºğŸ‡¦",BillPascrell
239005322,Right,Caleb Hull,CalebJHull
926620369,Center,Ron Perlman,perlmutations
160010755,Left,John W. Dean,JohnWDean
29201047,Left,Senator Jeff Merkley,SenJeffMerkley
2301990517,Right,Robert Barnes,barnes_law
1167122751410384896,Left,Andrew Weissmann (weissmann11 on Threads)ğŸŒ»,AWeissmann_
13393052,Left,ACLU,ACLU
23578274,Left,Kyle Cheney,kyledcheney
780546876391067648,Center,Jesse D Lifson,DoYouEvenLif
76543481,Right,Boris Epshteyn,BorisEP
38029205,Left,LeGate,williamlegate
233737858,Right,Senator Ron Johnson,SenRonJohnson
1079776144524754944,Right,Nikki Haley,NikkiHaley
1129095209772552192,Left,Team Joe,TeamJoe
179732982,Left,The Daily Edge,TheDailyEdge
2352629311,Right,Josh Hawley,HawleyMO
45676731,Right,Tim Murtaugh,TimMurtaugh
21268897,Left,Josh Marshall,joshtpm
1500129642,Right,Matt Walsh,MattWalshBlog
1915033663,Left,David Hogg ğŸŸ§,davidhogg111
3047722897,Right,Mike Lindell,realMikeLindell
21619519,Left,Joe Scarborough,JoeNBC
188793260,Left,Nina Turner,ninaturner
52136185,Left,Michael Cohen,MichaelCohen212
66213051,Left,Schooley,Rschooley
93069110,Left,Maggie Haberman,maggieNYT
19218053,Right,Jenn Pellegrino ğŸ‡ºğŸ‡¸,JennPellegrino
235784044,Center,Matt Hill,thematthill
21059255,Left,Ted Lieu,tedlieu
59862199,Left,Henry Djoutsa ğŸ‡¨ğŸ‡²ğŸ‡ºğŸ‡¸ SupportsğŸ‡ºğŸ‡¦,D_jeneration
19847765,Left,Sahil Kapur,sahilkapur
812361923304034304,Center,Peter Morley,morethanmySLE
46705002,Right,Chad Prather,WatchChad
898533348,Right,LiA,LibsInAmerica
132496568,Left,NY AG James,NewYorkStateAG
126722715,Left,Abby D. Phillip,abbydphillip
22703645,Right,Tucker Carlson,TuckerCarlson
372563164,Left,Randi Mayem Singer,rmayemsinger
24822993,Right,Tracy Beanz,tracybeanz
224320485,Center,Kelly O'Donnell,KellyO
41634520,Right,Sean Hannity ğŸ‡ºğŸ‡¸,seanhannity
1334300969266507782,Right,Bobby Piton,BobbyPiton3
822131894540083201,Left,Vanita Gupta,vanitaguptaCR
29458079,Right,Jeanine Pirro,JudgeJeanine
2400284491,Left,Rev. Dr. William J. Barber II,RevDrBarber
1221242033530195970,Left,Reverend Raphael Warnock,ReverendWarnock
828613457020870657,Right,Archive: Ben Carson,SecretaryCarson
391488297,Center,Deacon Blues,DeaconBlues0
397526755,Center,Aaron J. CarpenterğŸ‡ºğŸ‡¸,aaronjcarpenter
16635277,Left,Acyn,Acyn
2314055840,Left,Maya Harris,mayaharris_
926164634570067968,Left,"Mueller, She Wrote",MuellerSheWrote
820378690920058880,Left,Susan Rice,AmbassadorRice
1383272101,Left,Andy Slavitt ğŸ‡®ğŸ‡± ğŸ‡ºğŸ‡¦,ASlavitt
1237612672373248000,Right,Murray ğŸ‡ºğŸ‡¸,Rothbard1776
1069422303816138752,Right,FemmeğŸ‡ºğŸ‡¸,RealBasedMAGA
16606569,Left,Brett Meiselas,BMeiselas
143169070,Center,Carmine Sabia,CarmineSabia
850036892,Right,Project Veritas,Project_Veritas
605153786,Center,"Leana Wen, M.D.",DrLeanaWen
15985111,Left,emptywheel,emptywheel
61263431,Right,Cindy McCain,cindymccain
797127998164107264,Left,Okkie Tenggala,okkie48
21722318,Right,Will Chamberlain,willchamberlain
3060489838,Left,Kevin M. Kruse,KevinMKruse
1290696356194000896,Right,Art TakingBack ğŸ‡ºğŸ‡¸,ArtValley818_
2835451658,Right,Andy NgÃ´ ğŸ³ï¸â€ğŸŒˆ,MrAndyNgo
23970102,Right,Bill O'Reilly,BillOReilly
128372940,Right,Jair M. Bolsonaro,jairbolsonaro
364214133,Right,"Dr.SHIVA Ayyadurai, MIT PhD. Inventor of Email",va_shiva
2301527762,Right,Greg Rubini - Fauci Files - GregRubini.com,GregRubini
39469575,Center,Porter Anderson,Porter_Anderson
772958490356617216,Left,Protect Jack Smith âœŠ,DisavowTrump20
2880052887,Center,Ted,trom771
15937190,Right,Republican Party of Arizona,AZGOP
454513795,Center,ğ•NANCYğ•,9NewsNancy
958408514807967751,Left,Tricia Flanagan (R-NJ),NewDayForNJ
1129029661,Left,Ed Markey,EdMarkey
47285504,Left,Mark Ruffalo,MarkRuffalo
997682274,Right,Bryan DawsonğŸ‡ºğŸ‡¸,BryanDawsonUSA
17454769,Right,Glenn Beck,glennbeck
4541535439,Left,jennycohn@toad.social âœğŸ» ğŸ“¢,jennycohn1
45399148,Left,Jennifer Epstein,jeneps
32626129,Right,Kaya Jones,KayaJones
138809881,Right,Matt Schlapp,mschlapp
24113137,Center,Morgan J. Freeman,mjfree
16076032,Center,Glenn Greenwald,ggreenwald
14709326,Left,Gravel Institute,GravelInstitute
321954654,Right,Kyle Becker,kylenabecker
757303975,Left,Chelsea Clinton,ChelseaClinton
63013144,Left,Sarah Reese Jones,PoliticusSarah
996094929733652481,Right,Congresswoman Debbie Lesko,RepDLesko
52048790,Right,Allan Dos Santos î¨€,allanldsantos
818910970567344128,Right,Vice President Mike Pence Archived,VP45
317385247,Right,Mindy Robinson ğŸ‡ºğŸ‡¸,iheartmindy
26053643,Left,Jimmy Kimmel,jimmykimmel
771152516,Left,Ro Khanna,RoKhanna
833247762,Left,Joseph A. Bondy,josephabondy
246939630,Left,Shannon Watts,shannonrwatts
22956220,Right,Tammy Bruce,HeyTammyBruce
23022687,Right,Ted Cruz,tedcruz
29495695,Right,Kelly Loeffler,KLoeffler
2717961126,Right,Bo Erickson CBS,BoKnowsNews
328756439,Left,Southern Sister Resister - Wordsmith #IAmTheStorm,ResisterSis20
18227519,Left,Mika Brzezinski,morningmika
870429873621172226,Left,Scott Stedman (indefinite hiatus),ScottMStedman
47991586,Center,Garrett Haake,GarrettHaake
927604589909733376,Right,Drew Holden,DrewHolden360
734768872625188864,Left,Andrew Bates,AndrewBatesNC
23593446,Left,David Cicilline,davidcicilline
35218566,Right,Ari Fleischer,AriFleischer
208155240,Right,Maria Bartiromo,MariaBartiromo
11744152,Left,Yashar Ali ğŸ˜,yashar
14839147,Right,ğŸ‡ºğŸ‡¸ ERIC BOLLING ğŸ‡ºğŸ‡¸,ericbolling
60506242,Left,Adam Klasfeld,KlasfeldReports
2729615444,Left,Rep. Malcolm Kenyatta,malcolmkenyatta
245441097,Right,Joe Concha,JoeConchaTV
123327472,Left,Peter Baker,peterbakernyt
349115430,Left,TJ Ducklo,TDucklo
18464266,Left,Peter Daou,peterdaou
1333168873860984832,Left,Biden Inaugural Committee,BidenInaugural
15418628,Left,Matt McDermott,mattmfm
15745368,Right,Marco Rubio,marcorubio
19161570,Center,Jennifer Horn,NHJennifer
380268462,Left,Steve Vladeck,steve_vladeck
82447359,Right,Scott Baio,ScottBaio
2388042907,Right,Christina Bobb,christina_bobb
192538987,Center,Omar Bula Escobar,omarbula
14185317,Left,Jennifer Granholm,JenGranholm
233842454,Center,Justin Amash,justinamash
14362404,Left,Brad Heath,bradheath
2554131522,Right,Heshmat Alavi,HeshmatAlavi
21252618,Center,Jake Sherman,JakeSherman
2773918108,Right,Infidel AngelağŸ‡ºğŸ‡¸,InfidelAngela
7786612,Left,Randy Rainbow,RandyRainbow
16017475,Left,Nate Silver,NateSilver538
1130070541,Center,Ted Boutrous,BoutrousTed
17017636,Left,John Cusack,johncusack
16072058,Left,Mike Memoli,mikememoli
17579312,Left,Tony Schwartz,tonyschwartz
340613382,Center,YS,NYinLA2121
2852597261,Right,Julie Kelly ğŸ‡ºğŸ‡¸,julie_kelly2
309822757,Left,Ryan Struyk,ryanstruyk
813311743,Right,The Darkest Timeline Numbersmuncher,NumbersMuncher
2199541,Left,Helen Kennedy,HelenKennedy
7334402,Center,Al Franken,alfranken
752493806,Right,The TRUMP PAGE ğŸ‡ºğŸ‡¸,MichaelDeLauzon
385162111,Center,Brad Bo ğŸ‡ºğŸ‡¸,BradBeauregardJ
14230524,Left,Lady Gaga,ladygaga
89068115,Right,Erin Perrine,ErinMPerrine
1330274087218851852,Right,Phillip Kline,PhillDKline
1199522589573554176,Right,Karli ğŸ‡ºğŸ‡¸,KarluskaP
1249982359,Right,Leader McConnell,LeaderMcConnell
27000730,Center,Tim Pool,Timcast
14515799,Left,Brian Stelter,brianstelter
19268706,Right,S.E. Cupp,secupp
109579534,Right,Elise Stefanik,EliseStefanik
31037199,Center,Susan Glasser,sbg1
42518865,Center,Fred Wellman,FPWellman
367456494,Right,Ryann McEnany,RyannMcEnany
87761810,Left,Doug Mills,dougmillsnyt
893316758987128833,Left,Trinityî¨€,TrinityResists
14335586,Left,Public Citizen,Public_Citizen
14251225,Left,John Heilemann,jheil
20744708,Left,Jason Kander,JasonKander
216299334,Center,Piers Morgan,piersmorgan
24787367,Right,ğŸ‡ºğŸ‡¸LionelğŸ‡ºğŸ‡¸,LionelMedia
774407512598704128,Left,Mimi Rocah,Mimirocah1
807975026,Left,S.V. DÃ¡te,svdate
4846658542,Right,Trump Fact news ğŸ‡ºğŸ‡¸,Trump_Fact_News
56561449,Right,Jesse Watters,JesseBWatters
34643610,Left,Eric Boehlert,EricBoehlert
31047836,Right,Michael Knowles,michaeljknowles
2434051392,Left,Symone D. Sanders Townsend,SymoneDSanders
54617733,Center,Be A King,BerniceKing
47747074,Left,Brian Schatz,brianschatz
14962779,Left,howardfineman,howardfineman
3836008983,Right,PlayTheTrumpCard âš¡ï¸ Trump 2024,PlaysTrumpCard
162301746,Center,ğŸ‡ºğŸ‡¸Lady Deâ€™PlorableğŸ‡ºğŸ‡¸,LadyRedWave
876091408704315392,Left,Madam Auntie VP Kamala Harris is THEE GOAT!,flywithkamala
170175828,Center,Jack_hikumağŸ‡ºğŸ‡¸ğŸ‡¯ğŸ‡µLos Angeles,jack_hikuma
46557945,Center,Steven Dennis,StevenTDennis
1102987848741998592,Right,Lauren Witzke,LaurenWitzkeDE
143104075,Left,Secular TalkğŸ™,KyleKulinski
19737700,Right,Joe Pags Pagliarulo,JoeTalkShow
4239551,Right,@amuse,amuse
15455253,Right,Ned Ryun,nedryun
242555999,Left,Sheldon Whitehouse,SenWhitehouse
68752979,Left,jordan,JordanUhl
815733290955112448,Center,Rep. Pramila Jayapal,RepJayapal
18501983,Center,Jake Schneider,jacobkschneider
14297863,Left,Scott Santens,scottsantens
23951440,Center,Brendan Gutenschwager,BGOnTheScene
24127811,Left,Michael Tracey,mtracey
279390084,Center,Anonymous,YourAnonNews
372536101,Left,Natasha Bertrand,NatashaBertrand
85131054,Center,Jeff Zeleny,jeffzeleny
15463671,Left,Sam Stein,samstein
16116288,Left,rolandsmartin,rolandsmartin
49031364,Left,Marshall Cohen,MarshallCohen
17006157,Left,Paul Krugman,paulkrugman
393469195,Right,Stephen L. Miller,redsteeze
1880725393,Left,Sunrise Movement ğŸŒ…,sunrisemvmt
21348880,Right,Tim Miller,Timodc
812135885328236551,Right,Ryan Saavedra,RealSaavedra
1204930164389556224,Center,Doni ğŸ¤“ğŸ´ğŸ´â€â˜ ï¸,DoniTheDon_
16930125,Center,Ed O'Keefe,edokeefe
14895030,Right,Carpe DonktumğŸ”¹,CarpeDonktum
23318036,Left,Christopher Hale,chrisjollyhale
19149039,Right,David Shafer,DavidShafer
1068813997049344000,Center,ğŸ…Mazi Emmanuel OgbonnağŸ… Stand With Nnamdi KanuâœŠ,MaziEmmaOgbonna
257332880,Center,Hermann Tertsch,hermanntertsch
1322678960,Left,The Good Liars,TheGoodLiars
16625082,Center,Ryan Nobles,ryanobles
1218623947434024960,Right,Black Voices For Trump 2024,BlackVoices4DJT
2329492448,Left,Olivia of Troye,OliviaTroye
55060090,Left,#TuckFrump,realTuckFrumper
4185877812,Left,Sacha Baron Cohen,SachaBaronCohen
1218076646546333696,Center,âœ¿ğŸ’™ Æ—ÅÅÎ”Å‡ÄğŸÇ¤Æ—Å˜Å ğŸ’™âœ¿ ğŸ‡µğŸ‡·,IslandGirlPRV
18664754,Center,Flightcrew ğŸ‡ºğŸ‡¸,flightcrew
57362322,Left,Jen Taub,jentaub
1881296893,Right,Patrick Byrne,PatrickByrne
4121225056,Right,Corey R. Lewandowski,CLewandowski_
15751676,Left,"Matt Negrin, HOST OF HARDBALL AT 7PM ON MSNBC",MattNegrin
1331107444416770048,Center,The Oval PawfficeÂ® ğŸ‡ºğŸ‡¸ DOTUS Fans,TheOvalPawffice
42670638,Right,Mercedes Schlapp,mercedesschlapp
44177383,Left,Gabrielle Giffords,GabbyGiffords
454071012,Left,Jill Wine-Banks (now on Threads as jillwinebanks),JillWineBanks
80082384,Right,Robert Davi,RobertJohnDavi
339351467,Left,Stephanie Kennedy,WordswithSteph
198357693,Center,Kimberley Johnson,AuthorKimberley
800463336630403072,Right,D. Earl Stephens,EarlOfEnough
120180668,Center,Jeff Mason,jeffmason1
466864852,Right,Bo Snerdley,BoSnerdley
16056306,Right,Jeff Flake,JeffFlake
407396556,Center,Jeremy Diamond,JDiamond1
1087073882220064768,Center,Phil Arballo,PhilArballo
48459553,Right,Katie Pavlich,KatiePavlich
807176238,Center,Hanna Trudo,HCTrudo
20776147,Right,Sean Spicer,seanspicer
1005846500583321601,Center,Alexander S. Vindman â,AVindman
15075999,Right,Hugh Hewitt,hughhewitt
25694156,Left,John Iadarola,johniadarola
1330457336,Left,Bill Clinton,BillClinton
755886754180243456,Left,Carl Bernstein,carlbernstein
816201896,Left,Naomi Biden,NaomiBiden
932758909173026818,Right,Glenn - Ultra Woke,14Truth14
43775786,Center,Dave Portnoy,stoolpresidente
896466491587080194,Right,Greg Price,greg_price11
37575922,Center,Courtney Holland ğŸ‡ºğŸ‡¸,hollandcourtney
222481411,Left,American Bridge 21st Century,American_Bridge
45033456,Right,Kristy Swanson,KristySwansonXO
1151659552057823232,Center,ğğ«ğ®ğ§ğ¨ğ‹ğğŸ‘ğŸ ÊŸÉªÊ™Ê€á´‡ á´˜á´€Ê€á´ÊŸá´‡ âšœï¸ğŸ‡«ğŸ‡·,brunolp30
20764031,Left,Greg Olear,gregolear
12354832,Center,Kasie Hunt,kasie
1155192538535550976,Right,Jeff Sites for Congress,Sites4Congress
2998864022,Center,EssenViews,essenviews
772934961766608897,Right,Natalie Harp,NatalieJHarp
940368062,Right,Red Nation Rising,RedNationRising
1082078521659482114,Center,Lev Parnas,levparnas
219429281,Right,Adam Kinzinger,RepKinzinger
246357149,Left,House Judiciary Dems,HouseJudiciary
4696552878,Left,Cori Bush,CoriBush
15740776,Left,E. Jean Carroll,ejeancarroll
219141142,Left,Sawyer Hackett,SawyerHackett
926601,Center,Garrett M. Graff,vermontgmg
1171109054,Left,Ryan Goodman,rgoodlaw
718495181914316801,Left,Chadwick Boseman,chadwickboseman
18379614,Right,Dave Rubin,RubinReport
232268199,Left,Archive: Governor Andrew Cuomo,NYGovCuomo
165039823,Right,Rich Baris The People's Pundit,Peoples_Pundit
39334221,Right,Pastor Mark Burns,pastormarkburns
2573480784,Left,Malcolm Nance,MalcolmNance
862493306382626818,Right,Kyle Kashuv,KyleKashuv
343041182,Right,Tom Cotton,TomCottonAR
1022693675250249729,Right,Drew Hernandez,DrewHLive
749686190,Center,Jenn Franco KESQ,jennfranconews
1067968702400876544,Center,Steve Herzfeld ğŸŒŠ,american2084
15537302,Left,Taniel,Taniel
2949261587,Left,Pastor Ben,BenjaminPDixon
125453969,Left,Neera TandenğŸŒ»,neeratanden
941754604118831105,Center,Scott Huffman,HuffmanForNC
62591681,Left,Edward Norton ğŸŒ»ğŸ‡ºğŸ‡¦,EdwardNorton
21212087,Left,Olivia Nuzzi,Olivianuzzi
562255311,Right,Larry Schweikart,LarrySchweikart
872460123125448704,Center,Elizabeth de la Vega,Delavegalaw
429531188,Left,Teri Kanefield,Teri_Kanefield
2874102076,Right,Ashley St. Clair,stclairashley
22429979,Left,southpaw,nycsouthpaw
2808653356,Center,Nikola,niktaylorde
30808826,Left,.,MarisaKabas
2896151700,Center,Liz #GoodTrouble,bamableu
349803020,Center,Bill Madden,maddenifico
409486555,Left,Michelle Obama,MichelleObama
1093774442264707072,Center,Vincent Kennedy,VincentCrypt46
524024759,Center,Bruno Amato,BrunoAmato_1
21313053,Center,Larry Sabato,LarrySabato
47475039,Left,Sarah Kendzior,sarahkendzior
860555190,Left,Nicolle Wallace,NicolleDWallace
1111940934,Left,David Plouffe,davidplouffe
41704988,Center,Kevin Liptak,Kevinliptakcnn
331020289,Left,Jess,jessiprincey
25101996,Right,Kimberly Guilfoyle,kimguilfoyle
19914257,Left,Matt Viser,mviser
982675379319132160,Center,Undercover Huber,JohnWHuber
64483444,Left,John Kruzel,johnkruzel
822462665910063105,Right,AGNEWSLIVE,AMErikaNGIRLLL
35586563,Left,Jemele Hill,jemelehill
19017675,Right,Nigel Farage,Nigel_Farage
352548417,Left,Paul Begala,PaulBegala
138182116,Right,Trish Regan,trish_regan
17060573,Right,Comfortably Smug,ComfortablySmug
3497941,Left,Oliver Willis,owillis
47739450,Right,Byron York,ByronYork
14246088,Left,Jacob Soboroff,jacobsoboroff
24295482,Right,David Webb,davidwebbshow
37841185,Right,Alyssa Farah Griffin,Alyssafarah
65159946,Right,John Basham,JohnBasham
31013444,Left,Ayanna Pressley,AyannaPressley
3622368202,Left,John Fetterman,JohnFetterman
822591807821381635,Left,Billie J. Winner-Davis,bjwinnerdavis
868673067223887872,Center,Badd Company,BaddCompani
13524182,Left,David Weigel,daveweigel
97474887,Left,Jonathan Capehart,CapehartJ
15554922,Left,CAP Action,CAPAction
16187637,Center,Chad Pergram,ChadPergram
1153042794375712770,Right,Patrick Howley,HowleyReporter
3671138595,Left,Chasten Glezman Buttigieg,Chasten
394101339,Left,Gary Grumbach,GaryGrumbach
398088661,Left,Matt Fuller,MEPFuller
15760637,Center,Ibrahim,ialhusseini
50669520,Left,Dr. Jason Johnson,DrJasonJohnson
324236072,Right,Malik Obama,ObamaMalik
939190598497644544,Right,Judd Deere 45 Archived,JuddPDeere45
170699708,Left,Weijia Jiang,weijia
2598999181,Left,Roshan Rinaldi,Roshan_Rinaldi
20742461,Left,Tim O'Brien,TimOBrien
246871490,Right,Marc Lotter,marc_lotter
1081674923355983872,Right,"ROBERT  ğŸ‡ºğŸ‡¸ğŸ“·ğŸ•  BUILDER, ğŸ›ï¸ TEAM TRUMP MR NOBODY",Robertl01464344
193441812,Left,Pramila Jayapal,PramilaJayapal
826226272418283520,Left,Adam Cohen Lawyers for Good Government #DemCast,axidentaliberal
3063933906,Right,David D. Chapman,davidchapman141
479724576,Left,Walker Bragman moved to Threads and BlueSky,WalkerBragman
580224794,Right,Travis Allen,TravisAllen02
816131319033950208,Right,Jim Banks,RepJimBanks
21536398,Right,Gregg Jarrett,GreggJarrett
759481842814726144,Left,Renato Mariotti,renato_mariotti
506172313,Center,Al Schmidt,Commish_Schmidt
1344356576786866176,Right,Rep. Marjorie Taylor GreeneğŸ‡ºğŸ‡¸,RepMTG
764187379,Left,Rachel Bitecofer ğŸ—½ğŸ’¡ğŸ”­ğŸ¦†,RachelBitecofer
91386979,Center,Peter Alexander,PeterAlexander
31127446,Center,Mark Knoller,markknoller
286998245,Left,philip lewis,Phil_Lewis_
1222232085508820993,Right,Green Card Backlog Coalition,GCBCoalition
1244795359097958401,Left,TG â˜•ï¸,TG22110
1080477288955826176,Right,Rep. Mark Green,RepMarkGreen
749662181579485184,Right,Lacy Johnson,LacyJohnsonMN
820808196956655616,Center,ğŸª“ELROD,RealDealAxelrod
73754019,Left,Jaime Harrison,harrisonjaime
718187712,Right,Francis Brennan,FrancisBrennan
19400611,Right,Charles V Payne,cvpayne
110542860,Right,Rob Smith,robsmithonline
3939294374,Center,oregon4TRUMP,shawgerald4
6742412,Right,Jenny Beth Martin,jennybethm
1131917492,Right,House Judiciary GOP,JudiciaryGOP
852307656672813056,Center,Tyler Gordon,tygordonsworld
22660806,Center,Kevin Cate,KevinCate
94784682,Right,Jonathan Turley,JonathanTurley
74457733,Right,Deepak Chaurasia,DChaurasia2312
817787882395955200,Left,Harry Litman,harrylitman
116362700,Right,Lil Wayne WEEZY F,LilTunechi
222196210,Right,National Fraternal Order of Police (FOP),GLFOP
125740073,Right,J. Hogan Gidley,JHoganGidley
196168350,Right,Ann Coulter,AnnCoulter
1271497757455499264,Center,Eixo PolÃ­tico,eixopolitico
1006577189012299776,Right,Catalina Lauf,CatalinaLauf
972201044838092800,Left,Terry Bouton,TerryBoutonHist
121532017,Center,Dr. Stella Immanuel MD,stella_immanuel
1139607716941500417,Left,Sara Gideon,SaraGideon
170641465,Center,Chuck Rocha,ChuckRocha
16193763,Right,Jason Rantz on KTTH Radio,jasonrantz
384910109,Right,Kimberley Strassel,KimStrassel
816869611480186880,Left,Pod Save America,PodSaveAmerica
15976697,Right,Michelle Malkin,michellemalkin
66636747,Left,Ja'Mal Green,JaymalGreen
47813521,Center,Javad Zarif,JZarif
20118080,Center,Brendan Keefe - Atlanta News First,BrendanKeefe
40604613,Right,Curtis Houck,CurtisHouck
118672200,Center,Martyn McLaughlin,MartynMcL
129571843,Right,Kyle Morris,RealKyleMorris
1052225335318712320,Right,Ann Vandersteel,annvandersteel
466519303,Left,John Nichols,NicholsUprising
204832963,Center,God,TheTweetOfGod
38936142,Left,Josh Dawsey,jdawsey1
536904693,Left,"Stephanie ""LB"" ğŸŸ§",LincolnsBible
18622869,Left,Ezra Klein,ezraklein
2566363472,Left,"Christopher, Esq. ğŸ‡ºğŸ‡¸ğŸ‡ºğŸ‡¦",ChrisAlbertoLaw
792096589191852033,Right,Jeff Carlson,themarketswork
241204643,Left,MichaelRapaport,MichaelRapaport
351875695,Left,Jena Griswold,JenaGriswold
3129968261,Center,Timothy Snyder,TimothyDSnyder
55948054,Left,Matthew Miller,matthewamiller
43919633,Right,Brian Kilmeade,kilmeade
201066140,Right,Harmeet K. Dhillon,pnjaban
399178595,Left,Christopher Webb,cwebbonline
33750798,Right,Scott Walker,ScottWalker
55376380,Left,Matthew Gertz,MattGertz
1543986138,Left,Stuart Stevens,stuartpstevens
184860130,Center,Tim Alberta,TimAlberta
115564212,Left,Edward-Isaac Dovere,IsaacDovere
164554364,Left,HawaiiDelilahâ„¢ ğŸŸ¦ ğŸ‡ºğŸ‡¸ğŸ‡ºğŸ‡¦âœ¡ï¸,HawaiiDelilah
26900055,Right,Dr. Marty Fox ğŸ‡ºğŸ‡¸,DrMartyFox
535643852,Right,Jordan Schachtel @ dossier.today,JordanSchachtel
102594136,Left,Ben Collins,oneunderscore__
17919393,Center,Steve Herman,W7VOA
476193064,Left,Bill de Blasio,BilldeBlasio
205302299,Left,kerry washington,kerrywashington
886595855691784195,Center,Adedokun,Doks_Art
389532043,Center,KevinlyFather ğŸ‡ºğŸ‡²ğŸ‡¨ğŸ‡¦ğŸ‡²ğŸ‡¼ğŸ‡¸ğŸ‡¿,KevinlyFather
1197579807166324736,Right,PollWatch,PollWatch2020
1934388686,Center,Shefali Vaidya. ğŸ‡®ğŸ‡³,ShefVaidya
237299871,Right,Mo Brooks,RepMoBrooks
289118612,Center,Tomthunkitâ„¢,TomthunkitsMind
259725229,Center,Vala Afshar,ValaAfshar
716432228,Left,StanceGrounded,_SJPeace_
461697741,Left,Chris Lu,ChrisLu44
2916305152,Center,Edward Snowden,Snowden
60783724,Center,ian bremmer,ianbremmer
104914594,Center,Phil Mattingly,Phil_Mattingly
75541946,Right,Lara Trump,LaraLeaTrump
266894776,Right,A.J. Delgado,AJDelgado13
248884036,Left,Ronald Klain,RonaldKlain
27075032,Left,Oliver Darcy,oliverdarcy
961403308794527744,Left,Gabrielle d'Ayr,BrieforNevada
624210678,Right,Millie Weaver ğŸ‡ºğŸ‡¸,Millie__Weaver
50317463,Right,Michael Steele,MichaelSteele
21316253,Center,Zeke Miller,ZekeJMiller
431777800,Center,Ø­Ø³Ù† Ø³Ø¬ÙˆØ§Ù†ÙŠ ğŸ‡¦ğŸ‡ª Hassan Sajwani,HSajwanization
143500773,Left,Justin Baragona,justinbaragona
45840174,Right,Attorney General Ken Paxton,KenPaxtonTX
1152598802873880576,Right,Bill Hagerty,BillHagertyTN
26754354,Left,Amy Gardner,AmyEGardner
890381594170712064,Center,Annie Grayer,AnnieGrayerCNN
872148729184362497,Right,Paul Gosar,DrPaulGosar
1138076821533155328,Left,Rep. Jamaal Bowman Ed.D.,JamaalBowmanNY
78445977,Left,Rep. Gerry Connolly,GerryConnolly
16326882,Center,Adam Serwer ğŸ,AdamSerwer
131497030,Left,Van Jones,VanJones68
1733467884,Center,shoe,shoe0nhead
3023272478,Left,Governor Kate Brown,OregonGovBrown
54412900,Right,Devin Nunes,DevinNunes
24209167,Left,Josh Shapiro,JoshShapiroPA
164075542,Center,Josh Wingrove,josh_wingrove
463765807,Center,Nate Cohn,Nate_Cohn
1081222837459996672,Left,Rep. Katie Porter,RepKatiePorter
14201721,Right,Occam's Razor â˜…,occamsrazor45
11651202,Right,Steve Daines,SteveDaines
11347122,Left,Gavin Newsom,GavinNewsom
2315698776,Center,Robert J. O'Neill,mchooyah
435331179,Left,Rashida Tlaib,RashidaTlaib
59331128,Left,Philip Rucker,PhilipRucker
4808402532,Right,Henry Rodgers,henryrodgersdc
872563312394870785,Left,Resist Programming ğŸ›°,RzstProgramming
1056922520199270401,Center,Mazi Nnamdi Kanu,MaziNnamdiKanu
21293089,Center,JodiJacobson ğŸ‡ºğŸ‡¦ ğŸ©¸ğŸ¦· @jljacobson@mastodon.social,jljacobson
20094409,Left,Barb McQuade,BarbMcQuade
929823128259387392,Left,Frank Figliuzzi,FrankFigliuzzi1
17349381,Right,Frank Pavone,frfrankpavone
359403242,Right,Dr. Kelli Ward ğŸ‡ºğŸ‡¸,kelliwardaz
16950628,Left,Wendell Potter,wendellpotter
765255265503543296,Center,Margot Cleveland,ProfMJCleveland
28185163,Left,Beau Willimon,BeauWillimon
202206694,Right,Sen. John Barrasso,SenJohnBarrasso
21862217,Left,Krystal Ball,krystalball
373522445,Left,Bradley P. Moss,BradMossEsq
235196204,Left,Glenn Kessler,GlennKesslerWP
151930383,Center,Gordon G. Chang,GordonGChang
19899980,Left,Caitlin Johnstone,caitoz
1248996730940448774,Center,Room Rater,ratemyskyperoom
2410068528,Right,Aubrey Huff,aubrey_huff
14270650,Left,Karen Tumulty,ktumulty
16948493,Center,Tariq Nasheed ğŸ‡ºğŸ‡¸,tariqnasheed
17980523,Right,Bill Mitchell,mitchellvii
1207874097251639296,Right,Madison Cawthorn,CawthornforNC
235251868,Right,Governor Kristi Noem,GovKristiNoem
727549620,Center,Heather Walker,_HeatherWalker
312382472,Center,Adam Kelsey,adamkelsey
1332630685,Left,Briahna Joy Gray,briebriejoy
15429807,Center,chuckwestover,chuckwestover
73206956,Left,JosÃ© AndrÃ©s ğŸ‡ºğŸ‡¸ğŸ‡ªğŸ‡¸ğŸ‡ºğŸ‡¦,chefjoseandres
185270017,Left,David Enrich,davidenrich
14102215,Left,Keith Edwards,keithedwards
986781648,Right,Jeff Sessions,jeffsessions
297100174,Center,Anne Applebaum,anneapplebaum
100420381,Left,Jabin Botsford,jabinbotsford
15931637,Left,Jonathan Karl,jonkarl
44774107,Right,John Dennis,RealJohnDennis
16563015,Left,Greg Bluestein,bluestein
88215673,Left,Mark Joseph Stern,mjs_DC
131546062,Right,Rick Scott,SenRickScott
84734907,Left,Kristen Clarke,KristenClarkeJD
87679233,Right,Alex Berenson,AlexBerenson
238259855,Center,Chris Jansing,ChrisJansing
27282113,Left,Nancy Levine Stearns âœï¸,nancylevine
15207668,Right,House Republicans,HouseGOP
241201438,Left,Bakari Sellers,Bakari_Sellers
744616500485558273,Center,@JulieZebrak,JulieZebrak
966612436978581504,Center,"Alpha OmegaEnergy ""The Energy Kraken""",AOECOIN
1024191646634786818,Right,Derek Utley,realDerekUtley
2175836343,Right,Madison Gesiotto Gilbert,madisongesiotto
42971403,Left,David Begnaud,DavidBegnaud
192947735,Center,Davido,davido
388513351,Left,Jen Psaki,jrpsaki
1252493827228786693,Center,Somto Okonkwo,General_Somto
1194780218667470849,Right,Lindsey Grahamâ€™s Conscience parody,LGsConscience
60403024,Right,Andrew Clark,AndrewHClark
3231657095,Center,Anthony Sabatini,AnthonySabatini
1121492192235806721,Left,Team Warren,TeamWarren
195826487,Center,Richard N. Haass,RichardHaass
54746171,Right,RunningTheRace,2runtherace
7270292,Right,Sen. Jim Inhofe,JimInhofe
242926427,Right,Jaime Herrera Beutler,HerreraBeutler
15463486,Center,Ken Thomas,KThomasDC
221298491,Left,Tim Hogan,timjhogan
534023,Right,ALX ğŸ‡ºğŸ‡¸,alx
1217917146421960704,Center,Jon Lion Fine Art ğŸŒˆ,jonlionfineart2
77852581,Left,Laura Bassett,LEBassett
892188990991876096,Right,âœğŸŒ¸TrumpGirlOnFire ğŸ”¥,TrumpGirlOnFire
1245414763745677312,Right,Equipo Trump - Text VAMOS to 88022,EquipoTrump
1143571304404148224,Left,Win the Era HQ,wintheera
19926675,Right,Kevin Brady,RepKevinBrady
19186003,Left,Seung Min Kim,seungminkim
4486093643,Left,DNC War Room,DNCWarRoom
449974837,Right,John Mappin,JohnMappin
263822801,Center,âœ¨âƒ¤djcalligraphy,DJcalligraphy
731167584,Center,Ronald Brownstein,RonBrownstein
326255267,Left,Andy Kaczynski,KFILE
17061263,Right,Benjamin Netanyahu - ×‘× ×™××™×Ÿ × ×ª× ×™×”×•,netanyahu
1140379748268466176,Left,File411,File411
200846651,Left,@tiffanydcross,TiffanyDCross
1349170292564905988,Center,Karine Jean-Pierre,PressSec
218325695,Left,Ben Jacobs,Bencjacobs
762389795037294592,Right,Melissa Tate,TheRightMelissa
130651720,Center,Anthony Walker - Ğ¡Ğ»Ğ°Ğ²Ğ° Ğ£ĞºÑ€Ğ°Ñ—Ğ½Ñ– ğŸ‡ºğŸ‡¦,anthonycwalker
2382106993,Center,Molly McKew,MollyMcKew
450492561,Right,Richard Miriti,RedPillBM
71627462,Right,Jonah Goldberg,JonahDispatch
968650362,Right,Tom Cotton,SenTomCotton
163987185,Center,Heath Mayo,HeathMayo
3241707920,Center,Arctic Friend,FriendEden100
338779219,Left,mike casca,cascamike
83374478,Left,Will Saletan (wsaletan on Threads),saletan
14559721,Right,Grant Stinchfield,stinchfield1776
23588075,Center,Ayman,AymanM
130684893,Right,Andy McCarthy,AndrewCMcCarthy
6811832,Right,"Karlyn Borysenko, the modern day Yuri Bezmenov",DrKarlynB
722242009,Left,Carole Cadwalladr,carolecadwalla
726936092746743808,Center,American.357,ASimplePatriot
1337531542114078722,Right,JovanHuttonPulitzerâ„¢,JovanHPulitzer
16113700,Right,Charlie Spiering,charliespiering
35039490,Right,Mark Dice,MarkDice
1573472503,Center,VeBeeğŸ‡ºğŸ‡¸âœï¸,VeBo1991
1009560837734846464,Center,LivePDDave ğŸ‡ºğŸ‡¸,LivePDDave1
820705814906339328,Left,Justice Democrats,justicedems
1267822628670042116,Left,Trump & Putin belong in prison,WarnockWarrior
873930654286827520,Center,White House Photos,photowhitehouse
1264663304573763590,Right,John M. Pierce,CaliKidJMP
763542800377876480,Left,Alan Resisting GQPğŸŒµ,angry__saint
20480549,Center,David Shuster,DavidShuster
16031927,Center,Greta Van Susteren,greta
19697415,Left,Bill Maher,billmaher
2172596028,Left,Dan Price,DanPriceSeattle
250492272,Left,Igor Bobic,igorbobic
17243913,Left,Kim,kim
14260960,Left,Justin Trudeau,JustinTrudeau
355591226,Left,DSA,DemSocialists
975200486,Right,Thomas Massie,RepThomasMassie
2922928743,Left,Dan Pfeiffer,danpfeiffer
195870839,Center,((( Freddy Atton ))) ğŸŒŠ ğŸ‡ºğŸ‡¦,freddyatton
730526980370776064,Left,TrumpsTaxes,TrumpsTaxes
23911915,Left,Josh Lederman,JoshNBCNews
43963249,Center,House Democrats,HouseDemocrats
2832475948,Center,Mark Elliott,markmobility
61283362,Right,Tim Kennedy,TimKennedyMMA
258508126,Center,Robert Sherman,RobertShermanTV
1084817523378454529,Left,Governor JB Pritzker,GovPritzker
14167059,Left,Tyler Pager,tylerpager
1128229388,Center,Ali Zaslav,alizaslav
18071459,Right,MARK SIMONE,MarkSimoneNY
3131144855,Center,Boris Johnson,BorisJohnson
16228398,Center,Mark Cuban,mcuban
1634248890,Left,Ken Klippenstein,kenklippenstein
1058807868,Right,Ron DeSantis,GovRonDeSantis
110445334,Center,Megyn Kelly,megynkelly
1157848416279396352,Center,"Cyrus A Parsa, The A.I. Organization, âœ å¡ç‘æ–¯, AIç»„ç»‡",CyrusAParsa1
49783304,Center,LAURENCE HAIM,lauhaim
18028893,Center,Jesse Rodriguez,JesseRodriguez
153517357,Left,Aaron MatÃ©,aaronjmate
15324851,Left,Senator Chris Coons,ChrisCoons
825337281405923328,Center,Henry Davis,Henryhooddavis
858466264875900929,Center,Barry R McCaffrey,mccaffreyr3
23903580,Left,The Bern Identity,bern_identity
24165761,Left,Michael Skolnik,MichaelSkolnik
704943112217608193,Right,Matt Braynard,MattBraynard
19346439,Center,LouiseMensch ğŸ‡ºğŸ‡¸ğŸ‡ºğŸ‡¦,LouiseMensch
229986441,Left,Corey Ryan Forrester First of His Name,CoreyRForrester
266893944,Right,Jarrett Stepman,JarrettStepman
22008787,Right,Chris Stigall,ChrisStigall
2281325286,Right,Techno Fog,Techno_Fog
1120698997327294464,Center,Reed Galen,reedgalen
65277959,Center,Shimon Prokupecz,ShimonPro
827011405165559808,Center,Mexi-'Can' MarineğŸ’ªğŸ‡ºğŸ‡¸ğŸ‡²ğŸ‡½(FğŸ–•U Reps!),Jay_USMC2
1976143068,Center,Emmanuel Macron,EmmanuelMacron
14413466,Center,Jon Ralston,RalstonReports
338985020,Center,Agence France-Presse,afpfr
930552552302792705,Right,Dan Crenshaw,DanCrenshawTX
502281810,Center,Julia Louis-Dreyfus,OfficialJLD
240107748,Right,David French,DavidAFrench
787392577,Right,Sarah Longwell,SarahLongwell25
3310061541,Right,JT Lewis,thejtlewis
2565360157,Right,Hans Mahncke,HansMahncke
25235151,Right,Rita Panahi,RitaPanahi
76837768,Left,Ady Barkan,AdyBarkan
278175882,Left,Alexi McCammond,alexi
217543151,Right,Tim Scott,SenatorTimScott
49849732,Left,Gustavo Petro,petrogustavo
62103,Left,Timothy Burke,bubbaprog
17376893,Left,Right Wing Watch,RightWingWatch
16868756,Center,Dan Diamond,ddiamond
739119366,Left,Robert Wolf,robertwolf32
471672239,Right,Kellyanne Conway,KellyannePolls
75509967,Center,Rahul Kanwal,rahulkanwal
17018594,Center,Jason Baum,jasonbaum
55192727,Right,Matt Whitlock,mattdizwhitlock
19834403,Left,Mayor Eric Adams,NYCMayor
1001285146392383489,Left,blaire erskine,blaireerskine
851211,Left,Ben Wikler,benwikler
985749294,Left,Ruth Ben-Ghiat,ruthbenghiat
22055226,Right,Louie Gohmert,replouiegohmert
1887528152,Right,Bruce LeVell,Bruce_LeVell
26520948,Center,Alana Mastrangelo,ARmastrangelo
407013776,Center,Burgess Everett,burgessev
472431999,Right,Sohrab Ahmari,SohrabAhmari
90651198,Right,Greg Abbott,GregAbbott_TX
55369810,Center,Kate Bennett,KateBennett_DC
792091207140716544,Center,Lawyerforlaws,lawyer4laws
2537753422,Left,Bobby Lewis,revrrlewis
813738086282694656,Center,ANN is still EuropeanğŸ‡¬ğŸ‡§#FBPE#GTTO,56blackcat
1276140426,Right,"Corey A. DeAngelis, school choice evangelist",DeAngelisCorey
2889924959,Left,Claude Taylor,TrueFactsStated
111400999,Right,Janice Dean,JaniceDean
561516853,Left,Jane Mayer,JaneMayerNYer
343358379,Right,Doug Collins,CollinsforGA
105327432,Left,Julia Davis,JuliaDavisNews
16193222,Right,Guy Benson,guypbenson
14828860,Right,Michael JohnsğŸ‡ºğŸ‡¸,michaeljohns
20522862,Left,John Berman,JohnBerman
26260537,Center,Tom Bonier,tbonier
1163992520252153857,Right,Mike Pompeo,mikepompeo
818282957618216960,Left,Samantha Power,SamanthaJPower
7391432,Left,Eliza Orlins,elizaorlins
8349572,Right,Justin Hart,justin_hart
855240223432769538,Left,Conor Lamb,ConorLambPA
825518870421180416,Left,Ted Corcoran (RedTRaccoon),RedTRaccoon
937422446323314688,Center,Elex Michaelson,Elex_Michaelson
427630477,Center,Andrew Desiderio,AndrewDesiderio
369583954,Center,Conor McGregor,TheNotoriousMMA
65728343,Center,CARLOS VECCHIO,carlosvecchio
231510077,Left,Joaquin Castro,JoaquinCastrotx
4205133682,Right,Guy Reschenthaler,GReschenthaler
2716396878,Center,Amaka Ekwo,Amaka_Ekwo
591531896,Left,Brennan Murphy,brenonade
3158234814,Right,Chris Buskirk e/acc,thechrisbuskirk
19671129,Center,Ice Cube,icecube
88784440,Right,Mike Lee,SenMikeLee
15327996,Center,Brandon Friedman,BFriedmanDC
861246117689925633,Right,John James,JohnJamesMI
1082334352711790593,Left,Rep. Ilhan Omar,Ilhan
1170886272,Right,Adam Paul Laxalt,AdamLaxalt
1256616990934028289,Left,TrumpDeathClock,TrumpDeathClock
208773595,Right,"Henry Davis, Jr.",iamhenrydavisjr
48029066,Right,James Rosen,JamesRosenTV
766355890689675264,Left,Mike Gwin,MichaelJGwin
14578068,Center,Ron Steslow ğŸŒ»,RonSteslow
12044602,Center,Arnold,Schwarzenegger
759081003168112640,Right,Jon Voight,jonvoight
256159524,Left,Lauren Windsor,lawindsor
1017500185356853248,Right,"U.S. Senator Bill Cassidy, M.D.",SenBillCassidy
594886554,Right,TheLastRefuge,TheLastRefuge2
15725659,Right,Matt Wolking,MattWolking
20479813,Left,Michael Moore,MMFlint
18812301,Left,Katie Couric,katiecouric
44215023,Left,Jane Lynch,janemarielynch
2467720274,Left,American Journal News,AmerIndependent
117096653,Center,NYC PBA,NYCPBA
230787751,Center,Donie O'Sullivan,donie
307039459,Center,Molly McCann Sanders,molmccann
4787411118,Right,BDW,BryanDeanWright
38056908,Center,Wendy Heckmann,HopeHeck
158062942,Left,Alli Hedges Maser,AllisonLHedges
591973307,Right,Philip Melanchthon Wegmann,PhilipWegmann
14135350,Center,Bianna Golodryga,biannagolodryga
43910797,Left,Sherrod Brown,SenSherrodBrown
1049171,Center,Tom Watson,tomwatson
826261914,Center,"James Lindsay, number one Gay Studies author",ConceptualJames
26078152,Center,Mary Vought,MaryVought
44196397,Center,Elon Musk,elonmusk
19334118,Center,Arieh Kovler,ariehkovler
18020612,Left,David Lammy,DavidLammy
47034524,Center,Rick Hasen,rickhasen
604940737,Left,Jeet Heer,HeerJeet
15007149,Left,John Kerry,JohnKerry
251983774,Left,DJ Judd,DJJudd
19750159,Left,Justin Hendrix,justinhendrix
7768402,Left,Ryan J. Reilly,ryanjreilly
38354090,Left,Scott Hechinger,ScottHech
1200451909406121984,Right,Senator Kelly Loeffler,SenatorLoeffler
20733972,Right,Reince Priebus,Reince
323440720,Left,Joaquin Castro,Castro4Congress
472587261,Left,Clint Smith,ClintSmithIII
25203361,Center,ROSIE,Rosie
556865087,Left,CPD Action ğŸ’¥ Text JOINUS to 25463!,CPDAction
807357676300730368,Left,Richard Stengel,stengel
21878635,Center,Arlette Saenz,ArletteSaenz
271075882,Center,â¤ï¸ğŸ§¡ğŸ’›á—°iağŸ’šğŸ’™ğŸ’œ,mommamia1217
515655160,Right,Dov Hikind,HikindDov
334385278,Left,Jeff Stein,JStein_WaPo
561441494,Right,ğ—¥ğ—²ğ—±ğ—£ğ—¶ğ—¹ğ—¹ğ—¥ğ—²ğ—½ğ—¼ğ—¿ğ˜,RedPillReport
1117065031076724736,Right,Andrew Hitt,AndrewHittGOP
14327933,Left,Lis Smith,Lis_Smith
1247258339584684032,Left,Dr. Zev Zelenko,zev_dr
119099353,Right,HARLAN Z. HILL ğŸ‡ºğŸ‡¸,Harlan
43350851,Right,Dr. Robert Jeffress,robertjeffress
11622712,Right,JD Rucker,JDRucker
50772918,Right,Clay Travis,ClayTravis
1103391610384117767,Center,Tim Perry,tperry518
47455112,Center,Laura Rozen,lrozen
114050808,Center,Lisa Desjardins,LisaDNews
874258472,Center,Jonathan Greenberg,JournalistJG
174751002,Left,Will Steakin,wsteaks
452521774,Left,Christopher IngrahamğŸ¦—,_cingraham
28817015,Center,Russel L. Honore',ltgrusselhonore
247334603,Left,Senator Dick Durbin,SenatorDurbin
1688,Center,Adam Rifkin ğŸ¼ğŸŒ»,ifindkarma
19608297,Left,Human Rights Campaign,HRC
10057582,Center,KRUPALI,krupali
39245720,Left,Trip Gabriel,tripgabriel
2968626209,Center,Fly Sistah,Fly_Sistah
68739089,Right,Charles Gasparino,CGasparino
824797212425191425,Center,ALT-immigration,ALT_uscis
14940354,Center,Jim Roberts,nycjim
36588739,Right,Log Cabin Republicans,LogCabinGOP
1269737419965939714,Right,Pauley Teeks,PauleyTeeks
1145080857159512065,Center,Matt Skidmore,zachandmattshow
119837703,Right,Chuck Ross,ChuckRossDC
142833391,Center,Chuck Lindell,chucklindell
2351909388,Right,M. Hanif Jazayeri,HanifJazayeri
19188848,Center,Natasha Korecki,natashakorecki
1192160073897988096,Center,Rachel Vindman ğŸŒ»,natsechobbyist
197496309,Right,Frank Luntz,FrankLuntz
17261066,Left,Adam Best,adamcbest
16315143,Left,Venture Capital,kelly2277
262223982,Right,Jeff Greenfield,greenfield64
39689218,Left,Misha Collins,mishacollins
3293406121,Center,sarah,sahouraxo
1965420800,Left,Norm Eisen (norm.eisen on Threads),NormEisen
17291393,Center,Willie Geist,WillieGeist
16170253,Left,Ryan Grim,ryangrim
18983793,Right,Shannon Bream,ShannonBream
20280088,Center,Scott MacFarlane,MacFarlaneNews
510322989,Center,Brett Favre,BrettFavre
233000889,Right,Fleccas ğŸ‡ºğŸ‡¸,fleccas
172511244,Right,Tony Shaffer (Pronouns: Apocalypse/Now),T_S_P_O_O_K_Y
31059230,Center,Michael Del Moro,MikeDelMoro
75939860,Left,Eli Stokols,EliStokols
6724252,Right,Phil Kerpen,kerpen
450341380,Center,Mike Madrid,madrid_mike
1351284403801108481,Center,Jeff Zients,WHCOS
701825647,Right,Sean Parnell,SeanParnellUSA
21148293,Left,Kathy Griffin,kathygriffin
71048726,Left,Julia Ioffe,juliaioffe
42995067,Left,Brian Fallon,brianefallon
247002793,Right,I Yam What I Yam,Nvr4Get91101
1107497784377114626,Center,Gino darmo,RealGinodarmo
15228276,Center,Brahm Resnik,brahmresnik
26657119,Left,MoveOn,MoveOn
39000115,Center,Katy Tur,KatyTurNBC
242907470,Left,Greg Miller,gregpmiller
22816540,Center,Michelle Kinney,MichelleKinney
828157237,Right,Golden State Times ğŸ‡ºğŸ‡¸,Goldstatetimes
34036358,Left,Gabriel Sherman,gabrielsherman
45265448,Center,Melanie Zanona,MZanona
32820923,Left,Kionne â€œCommishâ€ McGhee,kionnemcghee
299273962,Left,Laurie Garrett,Laurie_Garrett
275276082,Right,Thomas Paine,Thomas1774Paine
138141495,Center,(((Harry Enten))),ForecasterEnten
3353220134,Right,Pat Ward,WardDPatrick
263473924,Center,Elizabeth Landers,ElizLanders
270921976,Left,Michael O'Grady,mog7546
515736574,Center,"Bill Pascrell, Jr.",PascrellforNJ
792038436,Left,Anna Massoglia,annalecta
516735105,Right,John Boyle,jboyle1223
18170845,Right,Jerry Dunleavy ğŸ‡ºğŸ‡¸,JerryDunleavy
339984356,Right,Ivan Pentchoukov,IvanPentchoukov
325001316,Center,Ken Dilanian,KenDilanianNBC
120295432,Right,CPAC,CPAC
19638751,Left,David Pepper,DavidPepper
1296268537074343937,Right,Win America Back...PAC,WinAmrcaBackPAC
843636970538618880,Center,Rep. Clay Higgins,RepClayHiggins
2316383071,Center,"Caroline Orr Bueno, Ph.D",RVAwonk
329115426,Left,Waleed Shahid ğŸª¬,_waleedshahid
882916598515998723,Right,Heather Mullins,TalkMullins
27347950,Center,Jonathan Tamari,JonathanTamari
23176276,Right,Meghan McCain,MeghanMcCain
15837659,Left,Jennifer Bendery,jbendery
64798737,Center,Marcelo Ebrard C.,m_ebrard
18175442,Center,Paul Farhi,farhip
108617810,Center,Dana Bash,DanaBashCNN
22508473,Right,Oversight Committee,GOPoversight
898218643888197632,Right,America First,AmericaFirstPAC
118567880,Right,"David Reaboi, Late Republic Nonsense",davereaboi
115393565,Left,Stefan Simanowitz,StefSimanowitz
879771304316071938,Left,Fair Fight,fairfightaction
43412697,Left,Clara Jeffery,ClaraJeffery
1102366739394813952,Center,Tomo,Tomo20309138
16006592,Center,Benjy Sarlin,BenjySarlin
149269179,Right,Nevada GOP,NVGOP
221162525,Right,Pat Toomey (US Sen. ret.),SenToomey
18646108,Right,Bret Baier,BretBaier
14834340,Left,Jay Rosen,jayrosen_nyu
1110434154,Right,Julio Rosas,Julio_Rosas11
876240395470069760,Right,#FairyGodMother2Reality,WendyMeer11
35157660,Left,Bette Dangerous,Heidi_Cuda
306389855,Right,Rick Scott,ScottforFlorida
117777690,Left,Jeremy Corbyn,jeremycorbyn
3066800573,Right,Christopher F. Rufo âš”ï¸,realchrisrufo
14007532,Center,Frank Thorp V,frankthorp
1259161441900298241,Right,Susan Mount,SusanMount45
14075981,Center,David P Gelles,gelles
115681686,Center,Bruce Porter Jr. î¨€,NetworksManager
351120282,Center,Arsen Ostrovsky ğŸ—ï¸,Ostrov_A
14668111,Center,Bill Grueskin,BGrueskin
21983800,Center,Eric Ortner,eortner
964753204297728000,Center,Beams,wxandnews
19570075,Center,Michael M. Grynbaum,grynbaum
1286161147,Left,Katie Phang,KatiePhang
24733117,Center,Jeffrey Levin ğŸ‡ºğŸ‡¦,jilevin
716813053,Left,Matthew Chapman,fawfulfan
340418291,Center,Rula Jebreal,rulajebreal
22302678,Center,Betsy Klein,betsy_klein
1967216306,Center,Matthew Miller,StateDeptSpox
149681153,Right,Jesse R. Binnall,jbinnall
16832632,Center,"Office of Kevin Rudd, 26th PM of Australia",MrKRudd
112047805,Right,Brit Hume,brithume
39176902,Center,Juan GuaidÃ³,jguaido
70778344,Center,Conor Sen,conorsen
317980134,Center,Craig Caplan,CraigCaplan
30289355,Center,Kathy Gray,michpoligal
13049362,Center,Complex,Complex
14407458,Right,Mike Roman,mikeroman
27185431,Right,kingface_f1,KingfaceF1
827494604144537600,Left,Mandy Patinkin,PatinkinMandy
880404086,Left,Sabrina Singh,sabrinasingh24
468657693,Right,Christian Vanderbrouk ğŸ‡ºğŸ‡¸ğŸ‡®ğŸ‡±ğŸ‡ºğŸ‡¦,UrbanAchievr
1085225533623783424,Right,KanekoaTheGreat,KanekoaTheGreat
1295737758095417344,Left,Republicans & Independents for Biden,RsAndIs4Biden
3430882365,Left,Fred,WaywardWinifred
27882000,Center,Jamie Dupree,jamiedupree
2955076692,Center,Seth Hettena,seth_hettena
31122582,Left,Oversight Committee Democrats,OversightDems
114782468,Center,Carl Quintanilla,carlquintanilla
1398759560,Left,Robert Maguire,RobertMaguire_
20104539,Center,Zohreen Shah,Zohreen
18967418,Center,Hunter Walker,hunterw
28162211,Center,Max Boot ğŸ‡ºğŸ‡¦ğŸ‡ºğŸ‡¸,MaxBoot
3021460584,Left,MJ HegarğŸ‡ºğŸ‡¦ğŸŒ»,mjhegar
42407972,Center,Joyce Karam,Joyce_Karam
280664117,Center,Patrick Svitek,PatrickSvitek
1194382680458067968,Center,Students for Trump at ASU,sft_asu
120668752,Center,Indian-Americans,HinduAmericans
1206881666,Center,Red Walrus,_RedWalrus_
948946378939609089,Left,Governor Phil Murphy,GovMurphy
29077161,Center,Justin Gray,JustinGrayWSB
728604440,Center,#StopCopCity,ChuckModi1
1350150750966603777,Center,Secretary Antony Blinken,SecBlinken
82119937,Center,AndrÃ©s Manuel,lopezobrador_
1133781254959239168,Right,Senator Doug Mastriano,SenMastriano
1098615836,Center,Brooke Singman,BrookeSingman
20598137,Center,Tom Newton Dunn,tnewtondunn
24236120,Right,Sean Langille,SeanLangille
2964949642,Right,Martha McSally,MarthaMcSally
16369805,Left,Max Kennerly,MaxKennerly
274294204,Left,Will Sommer,willsommer
953924228306305024,Left,Cleavon MD ğŸ’‰ ğŸ’‰ ğŸ’‰,Cleavon_MD
12,Center,jack,jack
136004952,Right,Andrew Neil,afneil
43383705,Left,Bruce Springsteen,springsteen
32551884,Center,Alan Feuer,alanfeuer
1390318944,Right,Defeat Joe Biden,Defeat_Joe
471741741,Right,PMO India,PMOIndia
2818532994,Center,Maura Barrett,MauraBarrettNBC
370982639,Left,Alex Thompson,AlexThomp
884578187392544769,Center,John Sipher,john_sipher
52392666,Left,Zoe Tillman,ZoeTillman
6798482,Center,Jonathan Oosting,jonathanoosting
784306108085129216,Center,Henry T. Contreras ğŸŒ»,HenryTContreras
21026508,Right,Sergio Gor,SergioGor
59145948,Left,Maureen Dowd,maureendowd
18602100,Left,Philippe Reines,PhilippeReines
318560226,Center,Dan Alexander,DanAlexander21
20076659,Right,Media Research Center,theMRC
33435693,Left,Ian Sams,IanSams
14190948,Left,b-boy bouiebaisse,jbouie
47632905,Center,Jordan Fabian,Jordanfabian
821456935421693952,Right,Secretary David Bernhardt,SecBernhardt
27101698,Center,Tom Winter,Tom_Winter
375662595,Left,Eric Lipton,EricLiptonNYT
49510236,Center,Lara Seligman,laraseligman
1030937854443053056,Center,Tiffany Drastic,PDXEleven
25436570,Center,Debra Garrett,debragarrett
25704351,Left,BoldProgressives.org,BoldProgressive
95463107,Center,Charlie Sykes,SykesCharlie
14588748,Left,Dan Froomkin (PressWatchers.org),froomkin
626455898,Center,Sol,forwardarc
88223320,Center,Grace Panetta,grace_panetta
1320656142,Center,Brett McGurk,brett_mcgurk
931187167811985409,Left,Jenny Durkan,MayorJenny
15808218,Left,Kevin Gosztola,kgosztola
20217019,Right,Doug Ducey,DougDucey
7860902,Left,Ilyse Hogue is @ilyseh everywhere,ilyseh
21696279,Left,Brian Beutler,brianbeutler
1252764865,Left,NicolÃ¡s Maduro,NicolasMaduro
327862439,Center,Jonathan Swan,jonathanvswan
14246055,Center,Bill Scher,billscher
165791468,Left,Social Security Works,SSWorks
527071710,Center,Amanda Golden,amandawgolden
976542720,Left,Mayor Muriel Bowser,MayorBowser
21146733,Center,NationalNursesUnited,NationalNurses
86626845,Center,Eric Topol,EricTopol
1252112918444797952,Left,Quarantined Life,Real_QL
997503485707943937,Right,SolğŸ¬,Solmemes1
16162149,Center,Carla â€˜Bluecheckedâ€™ Marinucci,cmarinucci
514002030,Center,Sara Cook,saraecook
1428908562,Center,Nicole Sganga,NicoleSganga
138212728,Center,Jorge Arreaza M,jaarreaza
21461359,Left,Juliette Kayyem,juliettekayyem
257661436,Center,Eamon Javers,EamonJavers
1352064843432472578,Center,White House COVID-19 Response Team,WHCOVIDResponse
1031747223569227776,Right,Darren J. Beattie ğŸŒ,DarrenJBeattie
121217779,Right,PPV_TAHOE,ppv_tahoe
22891564,Left,Chris â€œLaw Dorkâ€ Geidner,chrisgeidner
2030711,Left,Matt Stoller,matthewstoller
14222536,Left,tyler oakley // schedule pinned,tyleroakley
885149478,Center,Jennifer Griffin,JenGriffinFNC
26186655,Left,Jesse Lehrich,JesseLehrich
2734241886,Center,Ken Farnaso,KLF
62734246,Center,JM Rieger,RiegerReport
60087571,Left,Alexander Nazaryan,alexnazaryan
276688330,Center,"Matthew Cortland, they",mattbc
47529622,Left,Arlen Parsa,arlenparsa
24491044,Center,Don Salmon,dijoni
35315192,Left,Zev Shalev,ZevShalev
24613245,Center,Rob Flaherty,Rob_Flaherty
806344552718045184,Right,Dr. Simone Gold,drsimonegold
841489249157468161,Left,Democracy Docket,DemocracyDocket
77653794,Right,IvÃ¡n Duque ğŸ‡¨ğŸ‡´,IvanDuque
20494730,Center,Jason Whitely,JasonWhitely
17642330,Right,Young Americans for Liberty,YALiberty
75797367,Left,Daniel W. Drezner,dandrezner
505079765,Center,Sam Brodey,sambrodey
234374703,Center,Senator Joe Manchin,Sen_JoeManchin
53789862,Left,Max Blumenthal,MaxBlumenthal
1317513407881486339,Right,NautPoso ğŸ‡®ğŸ‡ªâ˜˜ï¸,NautPoso
1132012321,Center,Daniella Diaz,DaniellaMicaela
126401831,Center,Erik Wasson,elwasson
1901916354,Right,Matt Finn,MattFinnFNC
309282144,Left,Annie Karni,anniekarni
2334193741,Center,James Comey,Comey
235217558,Right,Cory Gardner,SenCoryGardner
17877451,Center,Meg Kinnard,MegKinnardAP
1651225333,Right,Daniel Chaitin,danielchaitin7
129879105,Right,Mike Emanuel ğŸ‡ºğŸ‡¸,MikeEmanuelFox
5693842,Right,Senate Republicans,NRSC
217550862,Center,John Bresnahan,bresreports
39330733,Center,devon sawa,DevonESawa
851969019372548096,Right,Minnesota Miners,MinnesotaMiners
163589845,Center,Kevin Robillard ğŸ‡ºğŸ‡¸,Robillard
3161681103,Center,Spencer Hsu,hsu_spencer
1299160007620034560,Right,Ghost of GC,gtconway3dg
54885400,Center,U.S. Navy,USNavy
273371480,Left,Introverts for Planet Earth,Introverts4Pete
1006482620,Right,Zach Parkinson,AZachParkinson
23232204,Left,Shane Goldmacher,ShaneGoldmacher
756988954755395584,Right,Ruthann,TeaBoots
155784594,Left,Tommy Vietor,TVietor08
1240382538461392901,Center,Coronavirus War Room,Covid19WarRoom
459876432,Center,âš–ï¸ğŸª´ğŸ‡ºğŸ‡¦ğŸŒˆğŸ‡®ğŸ‡±,rogertansey
71584155,Center,Monica Alba,albamonica
41012191,Center,Andrew Kimmel,andrewkimmel
3288682283,Center,Medium Buying,MediumBuying
2327592480,Center,Ford Fischer,FordFischer
24004390,Right,Eric Greitens,EricGreitens
55080227,Left,phillip agnew,iPhilSomething
1048446804,Right,America Rising,AmericaRising
90573676,Left,Jerry Saltz,jerrysaltz
80617430,Left,Ryan Lizza,RyanLizza
304932002,Left,David Mack,davidmackau
899739707843727360,Center,Resistance Revival Chorus,ResistanceRev
24638657,Center,John Santucci,Santucci
817869452473548800,Center,Dr. Al Gross,DrAlGrossAK
29771100,Center,Lawrence Hurley,lawrencehurley
1124665360823848961,Right,Joe E. Collins III,joeecollins3
37738073,Left,Simon Rosenberg,SimonWDC
142490217,Left,Cameron Joseph,cam_joseph
264219447,Right,Senator Roger Wicker,SenatorWicker
64916983,Left,Josh Gerstein,joshgerstein
161044052,Center,David Freedlander,freedlander
2579571584,Left,Rebekah Jones,GeoRebekah
20878297,Center,Ezra Levant ğŸğŸš›,ezralevant
112526560,Left,Kenneth P. Vogel,kenvogel
27689907,Right,John McCormack,McCormackJohn
30657398,Left,John W. McCarthy,JohnWMcCarthy
20394822,Right,ğŸ‡ºğŸ‡¸ Mike Davis ğŸ‡ºğŸ‡¸,mrddmia
523509739,Center,Steven Mazie,stevenmazie
4770270556,Center,Camilo Montoya-Galvez,camiloreports
140286364,Center,Niels Lesniewski,nielslesniewski
63150856,Right,Marsha Blackburn,VoteMarsha
15901113,Center,David Catanese,davecatanese
17094311,Left,Jason Leopold,JasonLeopold
7429102,Left,Mark Warner,MarkWarner
47216804,Left,Leslie Jones ğŸ¦‹,Lesdoggg
137395584,Left,Robert Evans (The Only Robert Evans),IwriteOK
181140029,Left,Beki Knott,lotsofuss
33919343,Left,Ashley Parker,AshleyRParker
15766082,Center,Josh Rogin,joshrogin
7651862,Left,Jen O'Malley Dillon,jomalleydillon
13262862,Center,Howard Mortman,HowardMortman
33515703,Center,Bill Weir,BillWeirCNN
55790584,Center,Alice Miranda Ollstein,AliceOllstein
17436250,Center,Michael S. Schmidt,nytmike
255036353,Left,Lis Power,LisPower1
260449211,Left,Adam Brewster,adam_brew
554468225,Center,Trevor Potter,thetrevorpotter
16129920,Left,Rachel Maddow MSNBC,maddow
950531,Center,Philip Bump,pbump
1520204418,Center,Danny De Urbina,dannydeurbina
85583894,Left,"Qasim Rashid, Esq.",QasimRashid
21150492,Center,Steve Milloy,JunkScience
14135426,Left,Keith Ellison,keithellison
810590628727914496,Center,Indivisible Guide,IndivisibleTeam
1267953470658752512,Center,43 Alumni for America,43ForAmerica
14945261,Right,Curt Schilling,gehrig38
514944379,Center,Jan Wolfe,JanNWolfe
829393917816688640,Right,General Strike ğŸ€(Terrence Daniels),Terrence_STR
118756393,Right,John Bolton,AmbJohnBolton
24914032,Center,Matt Corridoni,mattcorridoni
865675081,Center,Brandon Richards ğŸ»,BrandonRichards
2674458072,Left,IfNotNowğŸ”¥âœ¡ï¸,IfNotNowOrg
19174660,Center,Anthony Tilghman,AnthonyTilghman
727933551526748161,Left,Thomas Kennedy,tomaskenn
116989307,Center,"Quentin Youmans, MD, MSc",QuentinYoumans
32503010,Right,ğŸŒ´ Josh Lekach ğŸŒ´,JoshLekach
40156330,Center,"Scott Gottlieb, MD",ScottGottliebMD
86129724,Center,Robert Costa,costareports
25386925,Right,Kylie Jane Kremer,KylieJaneKremer
23968696,Center,Joel Lawson,JoelLawsonDC
819201209991041024,Right,WarNuse,WarNuse
58503762,Left,The Leadership Conference,civilrightsorg
1141929016443777024,Center,Joe For New Hampshire,JoeForNH
17004618,Left,Nicholas Kristof,NickKristof
1339488762,Right,Solomon Yue,SolomonYue
160726477,Center,Mary Spicuzza,MSpicuzzaMJS
1155261757,Center,Patrick Marley,patrickdmarley
1242534200634478593,Right,Peter Navarro,RealPNavarro
292549803,Center,Rosalind Helderman,PostRoz
255471924,Right,MFA Russia ğŸ‡·ğŸ‡º,mfa_russia
139738464,Center,MJ Lee,mj_lee
264924050,Center,Shomari Stone,shomaristone
2996337411,Left,Jake Sullivan,jakejsullivan
14268812,Center,Ron Fournier,ron_fournier
158831815,Right,Debra J. Saunders,debrajsaunders
2284064586,Right,IndySpanglish,IndySpanglish
415581517,Center,Mike Balsamo,MikeBalsamo1
851958139851296771,Center,Kayla Brantley,_KaylaBrantley
22509548,Right,Darrell Issa,DarrellIssa
127605667,Center,The American Postal Workers Union - APWU,APWUnational
820648607447654400,Left,DÍaÍvÍiÍdÍ KÍyÍaÍlÍoÍ MÍuÍsÍyÍoÍkÍaÍ |ğŸ‡°ğŸ‡ª,DavidKyaloM
1411620450,Right,Corrin Rankin,CorrinRankin
322217657,Center,Jacqui Heinrich,JacquiHeinrich
17470695,Center,Jacob N. Kornbluh,jacobkornbluh
17883494,Center,Ben Siegel,bensiegel
14335435,Center,NCGOP,NCGOP
360083646,Left,Alex Mohajer,AlexMohajer
150686538,Center,Jeremy Herb,jeremyherb
178065733,Left,Mike Baker,ByMikeBaker
1257667158,Right,Chip Roy,chiproytx
3171712086,Left,Rahul Gandhi,RahulGandhi
245953646,Right,Joe Borelli,JoeBorelliNYC
56001656,Center,Kylie Atwood,kylieatwood
1232499645701672961,Left,Humanity Forward,HumanityForward
13829492,Center,The AZ - abc15 - Data Guru,Garrett_Archer
55558616,Center,IvÃ¡n Simonovis,Simonovis
18985312,Center,corinne_perkins,corinne_perkins
26548315,Left,Soledad O'Brien,soledadobrien
739953692493910016,Right,Mike Hahn,mikehahn_
137466464,Left,Felicia Sonmez,feliciasonmez
864455966435180545,Right,Edwin Shaffer,EdwinShaffer7
18131961,Center,Ken Jeong,kenjeong
14267557,Left,Tommy moderna-vaX-Topher,tommyxtopher
740264413178023936,Center,Zak Hudak,cbszak
16927893,Left,Robert Stern,RobertCStern
95511150,Center,Matt Smith,mattsmith_news
866073522036191232,Right,UMA,Unitedminingal
50415411,Right,Alexandra Datig | Front Page Index ğŸ‡ºğŸ‡¸,alexdatig
1138396700,Center,Mythinformed,MythinformedMKE
548078410,Center,Jon Levine,LevineJonathan
808108063,Center,Michael McDonald,ElectProject
1277439038077784064,Right,BillStepien,BillStepien
17800215,Right,Jason Chaffetz,jasoninthehouse
5763262,Left,Kara Swisher,karaswisher
42176166,Left,Trita Parsi,tparsi
212657985,Left,Michelle Goldberg,michelleinbklyn
862424157061033984,Center,RichieğŸ¥McGğŸ¿,RichieMcGinniss
44808326,Left,Ashton Pittman,ashtonpittman
15993122,Center,Darren Samuelsohn,dsamuelsohn
17800848,Center,Reeezy,MsReeezy
25975036,Center,Vladimir Duthiers,vladduthiersCBS
476256944,Left,Senator Dianne Feinstein,SenFeinstein
226320142,Center,"James Martin, SJ",JamesMartinSJ
78694788,Center,Heather Caygle,heatherscope
24619641,Left,David Nir,DavidNir
21655390,Center,phil,philipjonathn
90077282,Center,Alex Isenstadt,politicoalex
68599584,Right,Robert C. Cahaly,RobertCahaly
426353995,Left,Josh Stein,JoshStein_
76649729,Right,Lamar Alexander,SenAlexander
20493166,Center,Meridith McGraw,meridithmcgraw
18791654,Center,Evan Smith,evanasmith
144376833,Center,Felipe CalderÃ³n ğŸ‡²ğŸ‡½,FelipeCalderon
26668729,Center,John Hudson,John_Hudson
27052147,Center,Hamed Aleaziz,Haleaziz
1148223852494950400,Right,CBP Mark Morgan,CBPMarkMorgan
315331161,Left,Eugene Scott,Eugene_Scott
23545095,Center,Chad Livengood,ChadLivengood
1046023987,Center,Christian Datoc,TocRadio
14348157,Left,Catherine Rampell,crampell
274403383,Right,David Hookstead,dhookstead
23621827,Center,David Nakamura,DavidNakamura
1270223583453736965,Right,TrueUSA - #BoycottFoxAdvertisers,TrueUSAorg
38428725,Left,Mara Gay,MaraGay
706095220757114880,Center,Arvind KushwahağŸ‡®ğŸ‡³ (Modi Ka Parivar),iArvindKushwaha
58598187,Left,Tyler Perry,tylerperry
1336828763108237313,Right,William Ligon,SenWilliamLigon
50055701,Right,Mitt Romney,MittRomney
66369181,Center,Department of Defense ğŸ‡ºğŸ‡¸,DeptofDefense
17209415,Left,John Whitehouse,existentialfish
33574174,Right,Jake Novak,jakejakeny
136550204,Center,Scott Wong,scottwongDC
764261361044037632,Right,Liberty Times & Politics,dmills3710
324169263,Center,Megan Messerly,meganmesserly
56838279,Center,Office of the DNI,ODNIgov
56552341,Center,Leigh Ann Caldwell,LACaldwellDC
43414431,Left,#CaliBernication,brooklynnygirl
628606375,Center,ğ‘´ğ’Ìğ’ğ’Šğ’„ğ’‚ ğŸ€â˜˜ï¸,MOinternationa
38021361,Right,Dan McLaughlin,baseballcrank
110798061,Right,Tommy Tuberville,TTuberville
40116885,Right,Rich Lowry,RichLowry
46479416,Left,Mike Barnicle,mikebarnicle
19658895,Right,Bree A Dail,breeadail
177028305,Center,Katherine Faulders,KFaulders
269448653,Center,Nick Corasaniti,NYTnickc
38813274,Right,Josh Hammer,josh_hammer
33653195,Center,Erica Werner,ericawerner
1106357423042899969,Left,Iowa for Warren â€¢ Text IOWA to 24477 ğŸ“±,IAforWarren
15450660,Left,Greg Palast,Greg_Palast
1273480417644023809,Left,Johnattan F. Bilancieri,BilancieriNews
18061669,Center,Sen. Lisa Murkowski,lisamurkowski
713118204453851138,Center,Mary Pat Flynn,MaryPatFlynn1
16347021,Right,Lyndsey Fifield,lyndseyfifield
14552725,Left,Michael D. Shear,shearm
764476890,Center,Sam Levine,srl
17773367,Center,Lauren Peikoffâœ¡ï¸,laurenpeikoff
86870268,Left,Matt Wilstein,mattwilstein
2987671552,Right,Governor Larry Hogan,GovLarryHogan
13218102,Right,Senator John Cornyn,JohnCornyn
808806102,Center,AFRICAN & BLACK HISTORY,AfricanArchives
68611923,Center,Vaughn Hillyard,VaughnHillyard
289420613,Center,Dr Naomi Wolf,naomirwolf
1196525683188490242,Center,Adrian Eng-Gastelum,AdrianEngGast
47437206,Right,Brian Kemp,BrianKempGA
438843965,Center,stephen fowler,stphnfwlr
2962813893,Right,Rep. Elise Stefanik,RepStefanik
92079350,Center,Mark Murray,mmurraypolitics
1143239749379022849,Center,Polling USA,USA_Polling
100091223,Right,Gayle Trotter,gayletrotter
27018666,Center,Jeremy Roebuck,jeremyrroebuck
27966935,Right,Khamenei.ir,khamenei_ir
50446226,Left,Jonathan Chait,jonathanchait
26756955,Center,Luke Broadwaterâ˜€ï¸,lukebroadwater
48802204,Left,Chris Matthews,HardballChris
32521584,Center,Steve Holland,steveholland1
31457007,Center,Justin Clark,chefjclark
14776082,Center,Christopher Cadelago,ccadelago
25692368,Right,Omri Ceren,omriceren
237403203,Right,Allen West,AllenWest
1138287733321998337,Right,David Leatherwood ğŸ‡ºğŸ‡¸,brokebackUSA
705706292,Left,Rebecca Ballhaus,rebeccaballhaus
627355202,Right,Vijay Rupani (Modi Ka Parivar),vijayrupanibjp
2504452635,Left,alyssa mastromonaco,AlyssaMastro44
551349832,Left,nikki mccann ramÃ­rez,NikkiMcR
406290234,Right,Ivan Raiklin,Raiklin
7900962,Center,Lee Fang,lhfang
82167518,Left,Alex Seitz-Wald,aseitzwald
541174362,Left,Josh Douglas,JoshuaADouglas
975194850994851840,Center,Khalid bin Salman Ø®Ø§Ù„Ø¯ Ø¨Ù† Ø³Ù„Ù…Ø§Ù†,kbsalsaud
14480378,Center,Alan Rappeport,arappeport
342226913,Center,Greg Stohr,GregStohr
325716763,Left,Jason S. Campbell,JasonSCampbell
60876782,Center,Gabriel Sterling,GabrielSterling
363708415,Center,Chris Krebs,C_C_Krebs
49631876,Center,Jonathan Lai ğŸ™Š è³´æŸç¾½,Elaijuh
12788332,Right,Ways and Means Committee,WaysandMeansGOP
16793287,Right,John Kartch,johnkartch
1188932094694739968,Center,PACRONYM,PACRONYM
4439752995,Left,Archive: AG Karl A. Racine,AGKarlRacine
65995451,Left,"Nick Carmody JD, MS Psych",Nick_Carmody
31532083,Center,Chris Megerian,ChrisMegerian
33417701,Center,Scott H. Fishman,ScottFishman
1172293975014641667,Center,Service Above Self ğŸŒº,ServiceAboveSlf
227373977,Center,Marc Caputo,MarcACaputo
5336752,Center,Peter Hamby,PeterHamby
15483390,Center,Tamara Keith,tamarakeithNPR
28879277,Center,NumberonepalğŸ ğŸŒºğŸ¤™,numberonepal
437807525,Center,Alexandra Samuels,AlexSamuelsx5
4860451825,Center,luluHru,luluHru
20813112,Center,Daniel Lippman,dlippman
66931497,Center,Sergio Olmos,MrOlmos
20660342,Center,Jill Colvin,colvinj
17824099,Left,Will Bunch,Will_Bunch
3949525095,Center,Gen Michael Hayden,GenMhayden
17243582,Left,Blake Hounshell,blakehounshell
242426145,Left,Rep. Jim McGovern,RepMcGovern
18648926,Right,Texas Attorney General,TXAG
93059852,Right,Lee Smith,LeeSmithDC
53130511,Left,Angelo Carusone,GoAngelo
31053563,Center,Thomas Kaplan,thomaskaplan
16370091,Center,Working Families Party ğŸº,WorkingFamilies
184128260,Center,Hansi Lo Wang (he/him),hansilowang
18172905,Center,Rick Klein,rickklein
2936714848,Right,Muhammadu Buhari,MBuhari
1228462620,Left,Andrew Lawrence,ndrew_lawrence
22162854,Left,Planned Parenthood Action,PPact
965004924370079744,Left,Shahid Buttar (find me on Substack and BlueSky),ShahidForChange
76133715,Center,Michael McAuliff,mmcauliff
60919240,Left,Donna Brazile,donnabrazile
2384732965,Center,Quint Forgey,QuintForgey
22095410,Left,Holly Otterbein,hollyotterbein
835309132509024260,Center,Zachary Petrizzo,ZTPetrizzo
973576766651592704,Center,U.S. Tech Workers,USTechWorkers
116384038,Right,Bad Kitty Unleashed ğŸ¦,pepesgrandma
18986746,Center,Alan He,alanhe
4098100355,Center,Alex Kaplan,AlKapDC
16316895,Left,United Farm Workers,UFWupdates
3075845932,Center,Jay Nordlinger,jaynordlinger
34371118,Right,Eli Lake,EliLake
811632636598910976,Right,Paul Mitchell,RepPaulMitchell
115749048,Center,U.S. Secret Service,SecretService
123899931,Right,Ford O'Connell,FordOConnell
17066022,Center,Michelle Ye Hee Lee,myhlee
862430010,Left,Fight For 15,fightfor15
34771939,Right,Brent Scher,BrentScher
97071323,Left,New York Communities for Change,nychange
1004804740105035777,Left,When We All Vote,WhenWeAllVote
2314320985,Center,Harris County Elections Department,HarrisVotes
429415553,Right,Abigail Shrier,AbigailShrier
19925278,Left,Kristina Wong ğŸ†,mskristinawong
10126672,Center,U.S. Marines,USMC
35221731,Center,Danny Freeman,DannyEFreeman
1182511815231586304,Center,é™ˆç§‹å® Chen Qiushi,chenqiushi404
240393970,Right,Rep. Jeff Duncan,RepJeffDuncan
872143958847045632,Left,Mondaire Jones,MondaireJones
37865281,Center,Lindsay Wise,lindsaywise
243032876,Left,John Scott-Railton,jsrailton
828423981858447361,Center,Joshua Matz,JoshuaMatz8
219011705,Center,Allan Smith,akarl_smith
1144093434795483137,Right,á–‡. á”•á‘•OTT á”•Iá‘•á—©á–‡IO 2.0,SicarioScott
222554961,Center,Dave Levinthal,davelevinthal
73922604,Center,Aric Chen é™³æ›‰å¤©,aricchen
115554440,Center,Nick Miroff,NickMiroff
26896708,Right,bri,bigshitxtalker
108710418,Center,Carol Leonnig,CarolLeonnig
69022849,Right,Vince Coglianese,VinceCoglianese
27311044,Right,Dana Perino,DanaPerino
20517132,Left,LCV â€“ League of Conservation Voters ğŸŒ,LCVoters
1208321980027547649,Left,CaseStudyQB - #CeaseFireNOW,CaseStudyQB
26572460,Center,United States Space Force,SpaceForceDoD
969221141347913734,Center,Oliya Scootercaster ğŸ›´,ScooterCasterNY
372372537,Right,Alan Dershowitz,AlanDersh
331816614,Center,Andrew Sullivan,sullydish
50011708,Center,Margaret Brennan,margbrennan
39030654,Center,Edward Wong,ewong
16172747,Left,Charlie Savage,charlie_savage
11621822,Center,David Folkenflik,davidfolkenflik
25365536,Center,Kim Kardashian,KimKardashian
2468096389,Left,Bend the Arc: Jewish Action,jewishaction
49153854,Center,NASCAR,NASCAR
1319749756302856192,Center,Midnight RiderğŸ‡ºğŸ‡¸ Trump is still your President!,m1dn7ghtrider
18230440,Center,Joe St. George,JoeStGeorge
244817600,Center,Miryam Lipper,MiryamLipper
6114542,Left,David Lytle,davitydave
16753660,Center,Mike DeBonis,mikedebonis
111492406,Right,Brent Baker ğŸ‡ºğŸ‡¦ ğŸ‡®ğŸ‡±,BrentHBaker
14340977,Center,Henry J. Gomez,HenryJGomez
387937220,Center,Alayna Treene,alaynatreene
19038768,Center,Kevin Baron,DefenseBaron
17378581,Left,BebopSpaceCowgirl ğŸ’™ğŸ’–ğŸŒˆ,jomareewade
2381386813,Left,Max Tani,maxwelltani
4515650200,Right,Monica Matthews On Air,monicaonairtalk
1330575260,Center,Nicholas Wu,nicholaswu12
1058187189740339201,Center,ğŸš¨ Ashley ğŸš¨ğŸ—£ï¸ğŸ“¢ PATRIOT FOR ğŸ‡ºğŸ‡¸ FREEDOM,AshleyWeis4
408806531,Center,Saagar Enjeti,esaagar
29115262,Center,Natalie Johnson,nataliejohnsonn
22691359,Center,Marcus Baram,mbaram
46470122,Center,LA County Sheriffs,LASDHQ
287413569,Right,Ron Paul,RonPaul
1155388189,Center,em steck,emsteck
782806500,Center,Nicholas Fandos,npfandos
2935489123,Right,Peter J. Hasson,peterjhasson
26559241,Center,Matt Ford,fordm
16692859,Center,Neil Henderson,hendopolis
17827531,Center,Eli Yokley,eyokley
18029328,Center,Paul Bedard,SecretsBedard
86126371,Center,John DiStaso,jdistaso
15731368,Center,HowardKurtz,HowardKurtz
905828148,Right,April,speakout_april
794540635453853696,Center,ã“ãŸãƒãƒ kotamama,kotamama318
15986949,Right,Buzz Patterson,BuzzPatterson
436925910,Left,Alec MacGillis,AlecMacGillis
13404292,Center,Nicole Perlroth,nicoleperlroth
47408060,Center,Jonathan Landay,JonathanLanday
16827148,Center,Christopher Miller,ChristopherJM
20378448,Right,Philip Klein,philipaklein
918169628,Center,Decision Desk HQ,DecisionDeskHQ
715671367497060352,Right,Billy Ray,BillyRay5229
2904169317,Center,Dr. Stephen M. Hahn,SteveFDA
23228918,Left,Jocelyn Benson,JocelynBenson
40277679,Center,Eric Kleefeld,EricKleefeld
546247295,Center,Zach Montellaro,ZachMontellaro
1006419421244678144,Left,Greta Thunberg,GretaThunberg
27245742,Right,Marc Thiessen ğŸ‡ºğŸ‡¸â¤ï¸ğŸ‡ºğŸ‡¦ğŸ‡¹ğŸ‡¼ğŸ‡®ğŸ‡±,marcthiessen
969218051555184640,Right,Russ Vought,RussVought45
21634627,Center,Jonathan Cohn,CitizenCohn
27580734,Center,Joe C.,MrChaudoin
275582390,Center,Michael B. Kelley,MichaelBKelley
55896443,Left,Laura BarrÃ³n-LÃ³pez,lbarronlopez
455024343,Center,"Dr. Vivek Murthy, U.S. Surgeon General",Surgeon_General
34291799,Center,Prof. John McLaughlin,Harvard1988
12008602,Right,Carrie Sheffield,carriesheffield
1037685529612111873,Center,Tom Davidson,TribDavidson
26659619,Left,Katie Hobbs,katiehobbs
54885334,Center,Cliff Levy,cliffordlevy
18191927,Center,IBEW,IBEW
13493302,Left,Media Matters,mmfa
169586280,Center,Sean Sullivan,WaPoSean
43846520,Center,LALATE,LALATE
32201297,Right,Miranda Devine,mirandadevine
16491569,Right,James Pethokoukis â©ï¸â¤´ï¸,JimPethokoukis
13951732,Center,Zach Everson,Z_Everson
1476133082,Left,Chase Strangio,chasestrangio
1031332475392253952,Center,bob,thefogislifting
68784768,Center,(Stephanie) Slade,sladesr
238413640,Right,Garrison Douglas,GDouglasiii
1711586252,Center,Mark S. Zaid,MarkSZaidEsq
137396575,Center,LSU Football,LSUfootball
857001662,Center,Philip Schuyler,FiveRights
15369502,Center,Mike Scarcella,MikeScarcella
173925279,Right,Susan Ferrechio,susanferrechio
156306739,Left,Morgan Fairchild,morgfair
45319362,Center,ğ™ºğšğšŸğš’ğš— ğ™². ğ™¾â€™ğ™½ğšğš’ğš• ğŸ‡®ğŸ‡ª ğŸ‡ºğŸ‡¸,Kevin_C_ONeil
17614726,Center,Brandon Wall,Walldo
122735017,Center,darlene superville,dsupervilleap
720504404,Left,Student Debt Crisis Center (SDCC),DebtCrisisOrg
286432534,Center,Teddy Schleifer,teddyschleifer
146569971,Center,CDC,CDCgov
35716667,Left,Dar'shun Kendrick,DarshunKendrick
1067541214671577093,Right,Congresswoman Mary Gay Scanlon,RepMGS
12046642,Left,Lieutenant Governor Garlin Gilchrist II,LtGovGilchrist
191469176,Center,Sarah Ferris,sarahnferris
15359578,Center,Christina Wilkie,christinawilkie
23348842,Center,Brianne Pfannenstiel,brianneDMR
437838346,Center,Vera Bergengruen,VeraMBergen
282695161,Right,Wayne DuPree î¨€,WayneDupreeShow
171632862,Right,Jay Sekulow,JaySekulow
819936721618038784,Left,Protect Democracy,protctdemocracy
1140753106092752896,Left,Vote Save America,votesaveamerica
11348282,Center,NASA,NASA
20017835,Center,Evan McMurry,evanmcmurry
20626879,Center,American Trucking,TRUCKINGdotORG
434418589,Center,Beth Baumann,eb454
21688902,Center,Adrian Carrasquillo,Carrasquillo
120853201,Center,Priscilla Thompson,PriscillaWT
1222639789,Center,Vince McMahon,VinceMcMahon
241983890,Center,Mike Walker,New_Narrative
401625957,Left,Steven Rattner,SteveRattner
23664429,Center,Dustin Volz,dnvolz
1078693601356509184,Right,Senator Mitt Romney,SenatorRomney
1049896452087078913,Center,Devaa Jain,DevaaJain
863527548,Center,Steve Hanke,steve_hanke
19721592,Right,Daniel Bostic,debostic
17466186,Center,Tom LoBianco,tomlobianco
168290603,Center,Toluse Olorunnipa,ToluseO
21334179,Center,Tara Palmeri,tarapalmeri
22310731,Left,Michael R. Bromwich,mrbromwich
133081348,Left,Daniel Marans,danielmarans
123358058,Right,Rick Gorka,Rick_Gorka
314957232,Center,Kevin Vesey,KevinVesey
36890646,Center,Dan Merica,merica
1044241,Center,Brooke Binkowski,brooklynmarie
71059280,Center,Jentezen Franklin,Jentezen
44134773,Center,Steve Kornacki,SteveKornacki
188363529,Left,Alex Soros,AlexanderSoros
166364712,Center,Stephen Punwasi ğŸšï¸ğŸ“‰ğŸˆâ˜ƒï¸,StephenPunwasi
19726613,Center,Sen. Susan Collins,SenatorCollins
332993870,Center,James Hamblin,jameshamblin
463053212,Center,Culinary Union,Culinary226
2667857126,Left,Anonymous,OpDeathEaters
22582060,Left,Bradley Beychok,beychok
430130014,Right,March for Life,March_for_Life
259096053,Center,Leigh-Allyn Baker,L_A_Baker
12272322,Left,Reid Wilson,PoliticsReid
470444339,Center,Jennifer Hansler,jmhansler
1267275757472145408,Right,Ava Rose,AvaRose09120485
1064659902071808000,Right,Governor Brian P. Kemp,GovKemp
11771512,Center,Olivier Knox,OKnox
95270375,Center,Sheryl Gay Stolberg,SherylNYT
36074231,Center,Matt Bevan,MatthewBevan
13623532,Right,Sebastian PiÃ±era,sebastianpinera
386507775,Center,U.S. Postal Service,USPS
16380351,Center,Brian Bakst,Stowydad
61206798,Center,House Foreign Affairs Committee Dems,HouseForeign
794180390,Center,Preya Samsundar,psamsundar
19828037,Center,Peter Schorsch,PeterSchorschFL
2848493051,Center,Dave Brown,dave_brown24
257354839,Center,Heather Long,byHeatherLong
15900167,Center,Milwaukee Bucks,Bucks
2814778367,Right,Henry Olsen,henryolsenEPPC
14116915,Center,Katie Rogers,katierogers
16669075,Center,FEMA,fema
776440918467411968,Center,AMVETS,AMVETSHQ
553840400,Left,Priscilla Alvarez,priscialva
397545273,Center,Jeffrey Lord,realJeffreyLord
26596727,Center,John R Parkinson,jparkABC
383647766,Center,Greg Krieg,GregJKrieg
18772897,Center,Reid J. Epstein,reidepstein
932011810235891712,Right,Alex Salvi,alexsalvinews
17078632,Right,Gov. Bobby Jindal,BobbyJindal
182819523,Left,JosÃ© A. Delgado,JoseADelgadoEND
1150201587115188224,Right,Women for America First ğŸ‡ºğŸ‡¸,america1stwomen
104299137,Center,David M. Drucker,DavidMDrucker
14499829,Center,World Health Organization (WHO),WHO
3223426134,Left,Seth Abramson,SethAbramson
47448886,Left,Jeffrey Goldberg,JeffreyGoldberg
58309829,Center,Nickelodeon,Nickelodeon
296647283,Center,Mark Kendall,MarkKendall_GW
15709520,Center,Jeffrey J. Hall ğŸ‡¯ğŸ‡µğŸ‡ºğŸ‡¸,mrjeffu
273700859,Center,Katelyn Polantz,kpolantz
159955958,Center,Dr. Lucky Tran,luckytran
2424418705,Center,National Union for Democracy in Iran,NUFDIran
292552239,Center,TTD | America's Transportation Unions,TTDAFLCIO
300497193,Center,Michael Tackett,tackettdc
7868832,Left,Faiz,fshakir
25445593,Center,Sarah Dolan Schneider,sarahedolan
21925192,Right,Frank LaRose,FrankLaRose
358287982,Center,Michael Welling,WellingMichael
1673217121,Left,Vic Berger IV ğŸ“‰,VicBergerIV
334079075,Center,Michael Isikoff,Isikoff
172145144,Center,Andrew S. Weiss,andrewsweiss
47893782,Center,Steven Nelson,stevennelson10
36261242,Left,josie duffy rice,jduffyrice
21431618,Center,McKay Coppins,mckaycoppins
201287829,Center,Jon McNaughton Art,McNaughtonArt
1236557193752657926,Center,The COVID Tracking Project,COVID19Tracking
28587919,Center,The Cain Gang,THEHermanCain
1333800441260298241,Center,Conservative Self-Owns,ConSelfOwns
21765161,Center,Vicky Ward,VickyPJWard
191298624,Center,Robbie Gramer,RobbieGramer
15977275,Center,Michelle Hackman,MHackman
52495092,Center,Mark Niesse,markniesse
1684234034,Center,Marianne LeVine,marianne_levine
25561988,Center,Sassan K. Darian,sasss31
16068266,Center,Tim Carney,TPCarney
27938809,Center,Alex Marquardt,MarquardtA
90478926,Center,Mike Sacks,MikeSacksEsq
968253035200774149,Right,kelsey !,JaredPushner
280697431,Center,Ariana Pekary,arianapekary
24926288,Center,Steve Scully,SteveScully
2257140654,Right,Oregon GOP,Oregon_GOP
15728161,Left,Noah Shachtman,NoahShachtman
367873443,Left,Sam Wang is at samwang.bsky.social,SamWangPhD
38349184,Left,California Governor,CAgovernor
1099325196853567492,Center,Fair Count,faircount
15939771,Center,Erin Banco,ErinBanco
1088161686027145216,Center,Dr. Maria,MariaRyanNH
15647676,Center,Homeland Security,DHSgov
38232102,Center,Alex Wayne,aawayne
14772775,Center,Jonathan Greenblatt,JGreenblattADL
1084924525232513025,Right,Gov. Bill Lee,GovBillLee
244212645,Center,Jim VandeHei,JimVandeHei
919084397009219584,Right,(((Barabbas)))ğŸ‡ºğŸ‡¦,RealBarabbas
2417586104,Right,Sebastian Gorka DrG,SebGorka
254151878,Left,Brad Dickson,brad_dickson
618300542,Left,Susan Sarandon,SusanSarandon
4018888580,Center,The Intellectualist,highbrow_nobrow
190095658,Center,Mark Cavitt,MarkCavitt
21862425,Left,Eric Hananoki,ehananoki
15669672,Right,ğŸ‡ºğŸ‡¸ Pamela Geller ğŸ‡ºğŸ‡¸ ğŸ‡®ğŸ‡±,PamelaGeller
111489707,Right,ğŸ‡ºğŸ‡²Truckin TexanğŸ‡©ğŸ‡ªğŸ´â€â˜ ï¸,punmasterflash
16336098,Center,Kristin Fisher,KristinFisher
1248715650794749954,Center,VERZUZ TV,verzuzonline
18137781,Right,Bart Marcois,bmarcois
1082758227568279554,Right,Sen. Mike Shirkey,SenMikeShirkey
1202394598703878145,Left,Baby Yoda,babyyoda4warren
47837269,Center,Tarini Parti,tparti
168170834,Center,Will Ragland,citizenwillis
8011072,Left,Matt Katz,mattkatz00
118747545,Center,Juliet Eilperin,eilperin
87498687,Center,Steve Peoples,sppeoples
37723353,Center,Derek Thompson,DKThomp
16580457,Right,Andrew T. Walker,andrewtwalk
1217185399166074885,Right,Carlos A. Gimenez,CarlosGimenezFL
79205875,Center,GA Secretary of State Brad Raffensperger,GaSecofState
20097201,Center,erica orden,eorden
1465875630,Right,"Andrew Bostom, MD, MS",andrewbostom
33612911,Left,Isaac Mizrahi,IsaacMizrahi
2611940521,Center,Jeremy Frankel,FrankelJeremy
123545062,Left,Hamilton Nolan,hamiltonnolan
14083693,Left,Michael Moran,TheMichaelMoran
17070113,Left,Mayor Karen Bass,MayorOfLA
1084890796648816641,Center,First Lady Maria Lee,MariaLeeTN
261124937,Center,Salwan Georges,salwangeorges
390677061,Right,Tejasvi Surya (à²®à³‹à²¦à²¿à²¯ à²ªà²°à²¿à²µà²¾à²°),Tejasvi_Surya
833439819221041153,Center,Joe King,JoeKingVideos
131538331,Right,Adam Kredo,Kredo0
1070051454235303936,Center,Tom Winter,WinterForMT
1075172850062057472,Center,Kyle Martinsen,KyleMartinsen_
14869587,Center,Albert Mohler,albertmohler
372347731,Center,Council of DC,councilofdc
10153432,Right,Mike Opelka,stuntbrain
78400475,Center,Michiko Kakutani,michikokakutani
370122957,Center,"James P. Phillips, MD",DrPhillipsMD
18708561,Left,Mayor Ted Wheeler,tedwheeler
919385552763338752,Right,Rep. Leo Biasiucci,Leo4AzHouse
252750506,Center,Andy Pierrotti,AndyPierrotti
47685065,Center,Sadanand Dhume,dhume
1273305944902873089,Left,More Than A Vote,morethanavote
825174856350183425,Left,The Southern Lib,HilbillyLiberal
243163874,Center,Complex Music,ComplexMusic
24752038,Center,julie k. brown,jkbjournalist
27092426,Right,Ocitman,Ocitman
38978018,Right,Steve Pearce,Pearce4NM
122287198,Center,oriJONal,orijonal
240504013,Right,Katie Miller,katierosemiller
32660559,Center,Wizkid,wizkidayo
16133363,Center,Tim Shipman,ShippersUnbound
19734832,Center,Sarah Kliff,sarahkliff
19351485,Center,Aaron C. Davis,byaaroncdavis
67356654,Right,New Hampshire Republican Party,NHGOP
17839398,Left,Kenneth Roth,KenRoth
55329156,Right,RNC Research,RNCResearch
440785316,Center,Matt Stout,MattPStout
499154896,Right,Alex Bruesewitz ğŸ‡ºğŸ‡¸,alexbruesewitz
46315077,Right,EBMedia7 ğŸ‡®ğŸ‡±,ElianaBenador
193507878,Center,Abbie Bennett,AbbieRBennett
1039931087416221696,Center,Omaha Scanner,omaha_scanner
881321968301223937,Center,Funhouse,BackAftaThis
1017883562450849794,Left,Gig Workers Rising,GigWorkersRise
47415772,Left,Jill Lawrence,JillDLawrence
479727198,Center,Clint Bowyer,ClintBowyer
42277995,Left,Diego Scharifker,diegoscharifker
109458204,Right,è¥¿æ‘å¹¸ç¥,kohyu1952
2551048190,Right,Republican Party of Duval County,DuvalGOP
85764133,Left,adam harris,AdamHSays
16191793,Left,Patagonia,patagonia
325830217,Left,VP Biden (Archived),VP44
269911034,Left,Yoni Appelbaum,YAppelbaum
1327359720,Center,Lisa Abramowicz,lisaabramowicz1
3302486951,Right,Israel Advocacy Movement,israel_advocacy
1340997858,Center,Brian Schwartz,schwartzbCNBC
71567486,Center,Ahmed Ali Fayyaz,ahmedalifayyaz
285372520,Center,Ben Shockley ğŸ‡ºğŸ‡¸,Seitzer1
16259251,Left,REVOLT,revolttv
158129535,Center,UPS,UPS
182545611,Center,Susanne Craig,susannecraig
523248016,Right,John Solomon,jsolomonReports
19608273,Left,Dana Milbank,Milbank
21925887,Center,Michelle Nichols,michellenichols
18295206,Left,Miriam Elder,MiriamElder
635716830,Left,Antony Blinken,ABlinken
390232813,Right,ğŸ‡ºğŸ‡¸ David J. Urban ğŸ‡ºğŸ‡¸,DavidJUrban
913141570802782208,Center,Hayden Center,mvhaydencenter
36429394,Center,Karen Cornett,kpgroves
36935647,Right,Jack Nicklaus,jacknicklaus
978782184,Center,Emerson College Polling,EmersonPolling
1576268089,Center,Giancarlo Sopo,GiancarloSopo
118245138,Center,Betsy Woodruff Swan,woodruffbets
24063730,Right,AZSenateRepublicans,AZSenateGOP
29216764,Right,Judge Napolitano,Judgenap
253395165,Center,Helene Miller Walsh,Helene731
574129370,Center,Jack Brewster,jbruce218
40282700,Right,MarÃ­a Elvira Salazar ğŸ‡ºğŸ‡¸,MaElviraSalazar
957024441338417154,Left,Data for Progress,DataProgress
146304535,Left,Aaron Belkin,AaronBelkin
39585367,Center,Harvard University,Harvard
77146337,Center,Sadie Gurman,sgurman
267332891,Center,Tim Wieland,CBS4Tim
70469623,Center,Russell Contreras,RussContreras
2810984968,Center,Elections Canada,ElectionsCan_E
28576863,Left,Mike McIntire,mmcintire
14677751,Left,Matea Gold,mateagold
1270521971848118272,Center,The Plot Against the President,PATPmovie
1131818069184135168,Right,Kevin W.,Brink_Thinker
14246001,Center,Mike Allen,mikeallen
1260653488004042752,Right,Expat Patriot ( parler-Expatpatriot),ExpatPatriot1
22434517,Center,Hillel Neuer,HillelNeuer
561699040,Center,Jeff Segor ğŸ‡ºğŸ‡¸ğŸ¹ ğŸ‡¹ğŸ‡¼,JSegor
31310158,Center,National Guard,USNationalGuard
101802390,Center,US National Archives,USNatArchives
1191831959363829760,Center,Jim Inhofe,inhofeforsenate
293314112,Center,David Wright,DavidWright_7
1241331026346930176,Center,ç‰¹ç¾æ™®,P6xkxPhDSoECbu8
1302398291364077568,Center,ãƒˆãƒ¼ã‚¿ãƒ«ãƒ‹ãƒ¥ãƒ¼ã‚¹ãƒ¯ãƒ¼ãƒ«ãƒ‰,TotalWorld1
1459232030,Center,Just Security,just_security
37291805,Left,Frank Bruni,FrankBruni
23978727,Left,Okayplayer,okayplayer
1056926573541101569,Center,Skullduggery,SkullduggeryPod
330579721,Center,Greg Jaffe,GregJaffe
1163618839,Center,Andrew Solender,AndrewSolender
11179192,Center,John Schwartz,jswatz
2386350236,Center,Steven Nabil,thestevennabil
167592087,Center,Mukhtar M. Ibrahim,mukhtaryare
834078524277456897,Center,Mohamad Safa,mhdksafa
3130866934,Center,MonmouthPoll,MonmouthPoll
80903194,Center,Timothy Aeppel,TimAeppel
65659343,Center,Ajay Devgn,ajaydevgn
39644856,Center,Lily Marston,lily_marston
124352791,Left,Matt Baume,MattBaume
64764487,Center,Honeywell,honeywell
437293672,Center,Zee Bhaiyah,Zee_HumHai
89471842,Center,Smartmatic,smartmatic
299798272,Center,National Hurricane Center,NHC_Atlantic
111223756,Center,drefanzor memes,drefanzor
111082727,Center,Jeremy Schwartz,JinATX
169686021,Right,ye,kanyewest
21292523,Center,Chris Bergin - NSF,NASASpaceflight
250831586,Center,Dwayne Johnson,TheRock
582276522,Center,Atlas Air Worldwide,AtlasAirWW
14347972,Right,Mark Hemingway,Heminator
73181712,Center,U.S. Department of Justice,TheJusticeDept
754604381048344576,Left,Stop Funding Hate,StopFundingHate
2804332645,Left,Don Moynihan,donmoyn
